Chart,Speed,Rating,Streak,What the number is,Number,Games behind the number
What is the optimal time to wait between games during a streak?,Summary,All ratings,After 1 win,"After 1 Win: win rate in the next game, after a break of under a minute (%)",50.89,2406463027
What is the optimal time to wait between games during a streak?,Summary,All ratings,After 1 loss,"After 1 Loss: win rate in the next game, after a break of under a minute (%)",50.12,2232696952
What is the optimal time to wait between games during a streak?,Summary,All ratings,After 1 win,"After 1 Win: win rate in the next game, after a break of under an hour (%)",49.22,551975436
What is the optimal time to wait between games during a streak?,Summary,All ratings,After 1 loss,"After 1 Loss: win rate in the next game, after a break of under an hour (%)",49.1,579417526
What is the optimal time to wait between games during a streak?,Summary,All ratings,After 1 win,"After 1 Win: win rate in the next game, after a break of an hour or more (%)",49.24,661118500
What is the optimal time to wait between games during a streak?,Summary,All ratings,After 1 loss,"After 1 Loss: win rate in the next game, after a break of an hour or more (%)",49.06,812308134
What is the optimal time to wait between games during a streak?,Summary,All ratings,After 2 wins,"After 2 Wins: win rate in the next game, after a break of under a minute (%)",52.29,1194507834
What is the optimal time to wait between games during a streak?,Summary,All ratings,After 2 losses,"After 2 Losses: win rate in the next game, after a break of under a minute (%)",48.74,1092991174
What is the optimal time to wait between games during a streak?,Summary,All ratings,After 2 wins,"After 2 Wins: win rate in the next game, after a break of under an hour (%)",49.97,288163999
What is the optimal time to wait between games during a streak?,Summary,All ratings,After 2 losses,"After 2 Losses: win rate in the next game, after a break of under an hour (%)",48.39,291852357
What is the optimal time to wait between games during a streak?,Summary,All ratings,After 2 wins,"After 2 Wins: win rate in the next game, after a break of an hour or more (%)",49.81,337319784
What is the optimal time to wait between games during a streak?,Summary,All ratings,After 2 losses,"After 2 Losses: win rate in the next game, after a break of an hour or more (%)",48.57,436148785
What is the optimal time to wait between games during a streak?,Summary,All ratings,After 3 wins,"After 3 Wins: win rate in the next game, after a break of under a minute (%)",53.16,609933732
What is the optimal time to wait between games during a streak?,Summary,All ratings,After 3 losses,"After 3 Losses: win rate in the next game, after a break of under a minute (%)",47.67,555290684
What is the optimal time to wait between games during a streak?,Summary,All ratings,After 3 wins,"After 3 Wins: win rate in the next game, after a break of under an hour (%)",50.59,150619932
What is the optimal time to wait between games during a streak?,Summary,All ratings,After 3 losses,"After 3 Losses: win rate in the next game, after a break of under an hour (%)",47.76,148839755
What is the optimal time to wait between games during a streak?,Summary,All ratings,After 3 wins,"After 3 Wins: win rate in the next game, after a break of an hour or more (%)",50.29,174871636
What is the optimal time to wait between games during a streak?,Summary,All ratings,After 3 losses,"After 3 Losses: win rate in the next game, after a break of an hour or more (%)",48.05,229787951
What is the optimal time to wait between games during a streak?,Summary,All ratings,After 4 wins,"After 4 Wins: win rate in the next game, after a break of under a minute (%)",54.24,317290002
What is the optimal time to wait between games during a streak?,Summary,All ratings,After 4 losses,"After 4 Losses: win rate in the next game, after a break of under a minute (%)",46.49,288768587
What is the optimal time to wait between games during a streak?,Summary,All ratings,After 4 wins,"After 4 Wins: win rate in the next game, after a break of under an hour (%)",51.26,79064950
What is the optimal time to wait between games during a streak?,Summary,All ratings,After 4 losses,"After 4 Losses: win rate in the next game, after a break of under an hour (%)",47.09,76700103
What is the optimal time to wait between games during a streak?,Summary,All ratings,After 4 wins,"After 4 Wins: win rate in the next game, after a break of an hour or more (%)",50.81,91427504
What is the optimal time to wait between games during a streak?,Summary,All ratings,After 4 losses,"After 4 Losses: win rate in the next game, after a break of an hour or more (%)",47.46,121381702
What is the optimal time to wait between games during a streak?,Summary,All ratings,After 5 wins,"After 5 Wins: win rate in the next game, after a break of under a minute (%)",55.51,168416566
What is the optimal time to wait between games during a streak?,Summary,All ratings,After 5 losses,"After 5 Losses: win rate in the next game, after a break of under a minute (%)",45.16,153484744
What is the optimal time to wait between games during a streak?,Summary,All ratings,After 5 wins,"After 5 Wins: win rate in the next game, after a break of under an hour (%)",52.06,41911144
What is the optimal time to wait between games during a streak?,Summary,All ratings,After 5 losses,"After 5 Losses: win rate in the next game, after a break of under an hour (%)",46.35,40071661
What is the optimal time to wait between games during a streak?,Summary,All ratings,After 5 wins,"After 5 Wins: win rate in the next game, after a break of an hour or more (%)",51.44,48408037
What is the optimal time to wait between games during a streak?,Summary,All ratings,After 5 losses,"After 5 Losses: win rate in the next game, after a break of an hour or more (%)",46.74,64744908
What is the optimal time to wait between games during a streak?,Summary,All ratings,After 6 wins,"After 6 Wins: win rate in the next game, after a break of under a minute (%)",57.07,91483769
What is the optimal time to wait between games during a streak?,Summary,All ratings,After 6 losses,"After 6 Losses: win rate in the next game, after a break of under a minute (%)",43.54,83494437
What is the optimal time to wait between games during a streak?,Summary,All ratings,After 6 wins,"After 6 Wins: win rate in the next game, after a break of under an hour (%)",53,22507089
What is the optimal time to wait between games during a streak?,Summary,All ratings,After 6 losses,"After 6 Losses: win rate in the next game, after a break of under an hour (%)",45.44,21264144
What is the optimal time to wait between games during a streak?,Summary,All ratings,After 6 wins,"After 6 Wins: win rate in the next game, after a break of an hour or more (%)",52.24,26007151
What is the optimal time to wait between games during a streak?,Summary,All ratings,After 6 losses,"After 6 Losses: win rate in the next game, after a break of an hour or more (%)",45.8,35026640
What is the optimal time to wait between games during a streak?,Summary,All ratings,After 7 wins,"After 7 Wins: win rate in the next game, after a break of under a minute (%)",58.91,51064279
What is the optimal time to wait between games during a streak?,Summary,All ratings,After 7 losses,"After 7 Losses: win rate in the next game, after a break of under a minute (%)",41.63,46662722
What is the optimal time to wait between games during a streak?,Summary,All ratings,After 7 wins,"After 7 Wins: win rate in the next game, after a break of under an hour (%)",54.16,12307769
What is the optimal time to wait between games during a streak?,Summary,All ratings,After 7 losses,"After 7 Losses: win rate in the next game, after a break of under an hour (%)",44.32,11496720
What is the optimal time to wait between games during a streak?,Summary,All ratings,After 7 wins,"After 7 Wins: win rate in the next game, after a break of an hour or more (%)",53.23,14234957
What is the optimal time to wait between games during a streak?,Summary,All ratings,After 7 losses,"After 7 Losses: win rate in the next game, after a break of an hour or more (%)",44.63,19308223
What is the optimal time to wait between games during a streak?,Summary,All ratings,After 8 wins,"After 8 Wins: win rate in the next game, after a break of under a minute (%)",61.05,29393310
What is the optimal time to wait between games during a streak?,Summary,All ratings,After 8 losses,"After 8 Losses: win rate in the next game, after a break of under a minute (%)",39.38,26899027
What is the optimal time to wait between games during a streak?,Summary,All ratings,After 8 wins,"After 8 Wins: win rate in the next game, after a break of under an hour (%)",55.66,6876949
What is the optimal time to wait between games during a streak?,Summary,All ratings,After 8 losses,"After 8 Losses: win rate in the next game, after a break of under an hour (%)",42.92,6360554
What is the optimal time to wait between games during a streak?,Summary,All ratings,After 8 wins,"After 8 Wins: win rate in the next game, after a break of an hour or more (%)",54.53,7968274
What is the optimal time to wait between games during a streak?,Summary,All ratings,After 8 losses,"After 8 Losses: win rate in the next game, after a break of an hour or more (%)",43.13,10893071
What is the optimal time to wait between games during a streak?,Summary,All ratings,After 9 wins,"After 9 Wins: win rate in the next game, after a break of under a minute (%)",63.49,17524118
What is the optimal time to wait between games during a streak?,Summary,All ratings,After 9 losses,"After 9 Losses: win rate in the next game, after a break of under a minute (%)",36.8,16056941
What is the optimal time to wait between games during a streak?,Summary,All ratings,After 9 wins,"After 9 Wins: win rate in the next game, after a break of under an hour (%)",57.49,3952188
What is the optimal time to wait between games during a streak?,Summary,All ratings,After 9 losses,"After 9 Losses: win rate in the next game, after a break of under an hour (%)",41.17,3619975
What is the optimal time to wait between games during a streak?,Summary,All ratings,After 9 wins,"After 9 Wins: win rate in the next game, after a break of an hour or more (%)",56.16,4585262
What is the optimal time to wait between games during a streak?,Summary,All ratings,After 9 losses,"After 9 Losses: win rate in the next game, after a break of an hour or more (%)",41.35,6319899
What is the optimal time to wait between games during a streak?,Summary,All ratings,After 10 wins,"After 10 Wins: win rate in the next game, after a break of under a minute (%)",66.13,10832931
What is the optimal time to wait between games during a streak?,Summary,All ratings,After 10 losses,"After 10 Losses: win rate in the next game, after a break of under a minute (%)",34.08,9938820
What is the optimal time to wait between games during a streak?,Summary,All ratings,After 10 wins,"After 10 Wins: win rate in the next game, after a break of under an hour (%)",59.67,2353975
What is the optimal time to wait between games during a streak?,Summary,All ratings,After 10 losses,"After 10 Losses: win rate in the next game, after a break of under an hour (%)",39.2,2133157
What is the optimal time to wait between games during a streak?,Summary,All ratings,After 10 wins,"After 10 Wins: win rate in the next game, after a break of an hour or more (%)",58.11,2742704
What is the optimal time to wait between games during a streak?,Summary,All ratings,After 10 losses,"After 10 Losses: win rate in the next game, after a break of an hour or more (%)",39.29,3790926
How often do streaks happen?,Summary,All ratings,Losing streaks of exactly 10 games,Expected: how many streaks there are once each day's games are put in a random order,4597162,45971620
How often do streaks happen?,Summary,All ratings,Losing streaks of exactly 10 games,Tilt: how many streaks there are in the order the games were played,5013957,50139570
How often do streaks happen?,Summary,All ratings,Winning streaks of exactly 10 games,Expected: how many streaks there are once each day's games are put in a random order,4590944,45909440
How often do streaks happen?,Summary,All ratings,Winning streaks of exactly 10 games,Hot Streak: how many streaks there are in the order the games were played,5018958,50189580
How often do streaks happen?,Summary,All ratings,Losing streaks of exactly 5 games,Expected: how many streaks there are once each day's games are put in a random order,108248200,541241000
How often do streaks happen?,Summary,All ratings,Losing streaks of exactly 5 games,Tilt: how many streaks there are in the order the games were played,109891450,549457250
How often do streaks happen?,Summary,All ratings,Winning streaks of exactly 5 games,Expected: how many streaks there are once each day's games are put in a random order,109262988,546314940
How often do streaks happen?,Summary,All ratings,Winning streaks of exactly 5 games,Hot Streak: how many streaks there are in the order the games were played,110743672,553718360
How often do streaks happen?,Summary,1000-1199,Losing streaks of exactly 10 games,Expected: how many streaks there are once each day's games are put in a random order,568076,5680760
How often do streaks happen?,Summary,1000-1199,Losing streaks of exactly 10 games,Tilt: how many streaks there are in the order the games were played,599922,5999220
How often do streaks happen?,Summary,1000-1199,Winning streaks of exactly 10 games,Expected: how many streaks there are once each day's games are put in a random order,321765,3217650
How often do streaks happen?,Summary,1000-1199,Winning streaks of exactly 10 games,Hot Streak: how many streaks there are in the order the games were played,351975,3519750
How often do streaks happen?,Summary,1000-1199,Losing streaks of exactly 5 games,Expected: how many streaks there are once each day's games are put in a random order,9942045,49710225
How often do streaks happen?,Summary,1000-1199,Losing streaks of exactly 5 games,Tilt: how many streaks there are in the order the games were played,10086123,50430615
How often do streaks happen?,Summary,1000-1199,Winning streaks of exactly 5 games,Expected: how many streaks there are once each day's games are put in a random order,8594371,42971855
How often do streaks happen?,Summary,1000-1199,Winning streaks of exactly 5 games,Hot Streak: how many streaks there are in the order the games were played,8772046,43860230
How often do streaks happen?,Summary,1200-1399,Losing streaks of exactly 10 games,Expected: how many streaks there are once each day's games are put in a random order,764678,7646780
How often do streaks happen?,Summary,1200-1399,Losing streaks of exactly 10 games,Tilt: how many streaks there are in the order the games were played,820555,8205550
How often do streaks happen?,Summary,1200-1399,Winning streaks of exactly 10 games,Expected: how many streaks there are once each day's games are put in a random order,596971,5969710
How often do streaks happen?,Summary,1200-1399,Winning streaks of exactly 10 games,Hot Streak: how many streaks there are in the order the games were played,650263,6502630
How often do streaks happen?,Summary,1200-1399,Losing streaks of exactly 5 games,Expected: how many streaks there are once each day's games are put in a random order,16655863,83279315
How often do streaks happen?,Summary,1200-1399,Losing streaks of exactly 5 games,Tilt: how many streaks there are in the order the games were played,16896426,84482130
How often do streaks happen?,Summary,1200-1399,Winning streaks of exactly 5 games,Expected: how many streaks there are once each day's games are put in a random order,15705492,78527460
How often do streaks happen?,Summary,1200-1399,Winning streaks of exactly 5 games,Hot Streak: how many streaks there are in the order the games were played,15968405,79842025
How often do streaks happen?,Summary,1400-1599,Losing streaks of exactly 10 games,Expected: how many streaks there are once each day's games are put in a random order,875681,8756810
How often do streaks happen?,Summary,1400-1599,Losing streaks of exactly 10 games,Tilt: how many streaks there are in the order the games were played,953474,9534740
How often do streaks happen?,Summary,1400-1599,Winning streaks of exactly 10 games,Expected: how many streaks there are once each day's games are put in a random order,840589,8405890
How often do streaks happen?,Summary,1400-1599,Winning streaks of exactly 10 games,Hot Streak: how many streaks there are in the order the games were played,913679,9136790
How often do streaks happen?,Summary,1400-1599,Losing streaks of exactly 5 games,Expected: how many streaks there are once each day's games are put in a random order,21943843,109719215
How often do streaks happen?,Summary,1400-1599,Losing streaks of exactly 5 games,Tilt: how many streaks there are in the order the games were played,22267513,111337565
How often do streaks happen?,Summary,1400-1599,Winning streaks of exactly 5 games,Expected: how many streaks there are once each day's games are put in a random order,21689662,108448310
How often do streaks happen?,Summary,1400-1599,Winning streaks of exactly 5 games,Hot Streak: how many streaks there are in the order the games were played,22021704,110108520
How often do streaks happen?,Summary,1600-1799,Losing streaks of exactly 10 games,Expected: how many streaks there are once each day's games are put in a random order,867344,8673440
How often do streaks happen?,Summary,1600-1799,Losing streaks of exactly 10 games,Tilt: how many streaks there are in the order the games were played,950592,9505920
How often do streaks happen?,Summary,1600-1799,Winning streaks of exactly 10 games,Expected: how many streaks there are once each day's games are put in a random order,946212,9462120
How often do streaks happen?,Summary,1600-1799,Winning streaks of exactly 10 games,Hot Streak: how many streaks there are in the order the games were played,1028756,10287560
How often do streaks happen?,Summary,1600-1799,Losing streaks of exactly 5 games,Expected: how many streaks there are once each day's games are put in a random order,23067718,115338590
How often do streaks happen?,Summary,1600-1799,Losing streaks of exactly 5 games,Tilt: how many streaks there are in the order the games were played,23395662,116978310
How often do streaks happen?,Summary,1600-1799,Winning streaks of exactly 5 games,Expected: how many streaks there are once each day's games are put in a random order,23541249,117706245
How often do streaks happen?,Summary,1600-1799,Winning streaks of exactly 5 games,Hot Streak: how many streaks there are in the order the games were played,23856367,119281835
How often do streaks happen?,Summary,1800-1999,Losing streaks of exactly 10 games,Expected: how many streaks there are once each day's games are put in a random order,648622,6486220
How often do streaks happen?,Summary,1800-1999,Losing streaks of exactly 10 games,Tilt: how many streaks there are in the order the games were played,722461,7224610
How often do streaks happen?,Summary,1800-1999,Winning streaks of exactly 10 games,Expected: how many streaks there are once each day's games are put in a random order,826178,8261780
How often do streaks happen?,Summary,1800-1999,Winning streaks of exactly 10 games,Hot Streak: how many streaks there are in the order the games were played,903773,9037730
How often do streaks happen?,Summary,1800-1999,Losing streaks of exactly 5 games,Expected: how many streaks there are once each day's games are put in a random order,18055441,90277205
How often do streaks happen?,Summary,1800-1999,Losing streaks of exactly 5 games,Tilt: how many streaks there are in the order the games were played,18327536,91637680
How often do streaks happen?,Summary,1800-1999,Winning streaks of exactly 5 games,Expected: how many streaks there are once each day's games are put in a random order,19216655,96083275
How often do streaks happen?,Summary,1800-1999,Winning streaks of exactly 5 games,Hot Streak: how many streaks there are in the order the games were played,19430851,97154255
How often do streaks happen?,Summary,2000-2199,Losing streaks of exactly 10 games,Expected: how many streaks there are once each day's games are put in a random order,336816,3368160
How often do streaks happen?,Summary,2000-2199,Losing streaks of exactly 10 games,Tilt: how many streaks there are in the order the games were played,382507,3825070
How often do streaks happen?,Summary,2000-2199,Winning streaks of exactly 10 games,Expected: how many streaks there are once each day's games are put in a random order,541409,5414090
How often do streaks happen?,Summary,2000-2199,Winning streaks of exactly 10 games,Hot Streak: how many streaks there are in the order the games were played,596724,5967240
How often do streaks happen?,Summary,2000-2199,Losing streaks of exactly 5 games,Expected: how many streaks there are once each day's games are put in a random order,9618075,48090375
How often do streaks happen?,Summary,2000-2199,Losing streaks of exactly 5 games,Tilt: how many streaks there are in the order the games were played,9778125,48890625
How often do streaks happen?,Summary,2000-2199,Winning streaks of exactly 5 games,Expected: how many streaks there are once each day's games are put in a random order,11114264,55571320
How often do streaks happen?,Summary,2000-2199,Winning streaks of exactly 5 games,Hot Streak: how many streaks there are in the order the games were played,11200257,56001285
How often do streaks happen?,Summary,2200-2399,Losing streaks of exactly 10 games,Expected: how many streaks there are once each day's games are put in a random order,119738,1197380
How often do streaks happen?,Summary,2200-2399,Losing streaks of exactly 10 games,Tilt: how many streaks there are in the order the games were played,140059,1400590
How often do streaks happen?,Summary,2200-2399,Winning streaks of exactly 10 games,Expected: how many streaks there are once each day's games are put in a random order,272902,2729020
How often do streaks happen?,Summary,2200-2399,Winning streaks of exactly 10 games,Hot Streak: how many streaks there are in the order the games were played,301686,3016860
How often do streaks happen?,Summary,2200-2399,Losing streaks of exactly 5 games,Expected: how many streaks there are once each day's games are put in a random order,3432004,17160020
How often do streaks happen?,Summary,2200-2399,Losing streaks of exactly 5 games,Tilt: how many streaks there are in the order the games were played,3504100,17520500
How often do streaks happen?,Summary,2200-2399,Winning streaks of exactly 5 games,Expected: how many streaks there are once each day's games are put in a random order,4612145,23060725
How often do streaks happen?,Summary,2200-2399,Winning streaks of exactly 5 games,Hot Streak: how many streaks there are in the order the games were played,4617243,23086215
How often do streaks happen?,Summary,2400 and up,Losing streaks of exactly 10 games,Expected: how many streaks there are once each day's games are put in a random order,38584,385840
How often do streaks happen?,Summary,2400 and up,Losing streaks of exactly 10 games,Tilt: how many streaks there are in the order the games were played,49954,499540
How often do streaks happen?,Summary,2400 and up,Winning streaks of exactly 10 games,Expected: how many streaks there are once each day's games are put in a random order,142490,1424900
How often do streaks happen?,Summary,2400 and up,Winning streaks of exactly 10 games,Hot Streak: how many streaks there are in the order the games were played,157824,1578240
How often do streaks happen?,Summary,2400 and up,Losing streaks of exactly 5 games,Expected: how many streaks there are once each day's games are put in a random order,1060427,5302135
How often do streaks happen?,Summary,2400 and up,Losing streaks of exactly 5 games,Tilt: how many streaks there are in the order the games were played,1099036,5495180
How often do streaks happen?,Summary,2400 and up,Winning streaks of exactly 5 games,Expected: how many streaks there are once each day's games are put in a random order,1786079,8930395
How often do streaks happen?,Summary,2400 and up,Winning streaks of exactly 5 games,Hot Streak: how many streaks there are in the order the games were played,1780346,8901730
How often do streaks happen?,Bullet,All ratings,Losing streaks of exactly 10 games,Expected: how many streaks there are once each day's games are put in a random order,1586130,15861300
How often do streaks happen?,Bullet,All ratings,Losing streaks of exactly 10 games,Tilt: how many streaks there are in the order the games were played,1777145,17771450
How often do streaks happen?,Bullet,All ratings,Winning streaks of exactly 10 games,Expected: how many streaks there are once each day's games are put in a random order,1731064,17310640
How often do streaks happen?,Bullet,All ratings,Winning streaks of exactly 10 games,Hot Streak: how many streaks there are in the order the games were played,1935583,19355830
How often do streaks happen?,Bullet,All ratings,Losing streaks of exactly 5 games,Expected: how many streaks there are once each day's games are put in a random order,40389845,201949225
How often do streaks happen?,Bullet,All ratings,Losing streaks of exactly 5 games,Tilt: how many streaks there are in the order the games were played,40925137,204625685
How often do streaks happen?,Bullet,All ratings,Winning streaks of exactly 5 games,Expected: how many streaks there are once each day's games are put in a random order,41599881,207999405
How often do streaks happen?,Bullet,All ratings,Winning streaks of exactly 5 games,Hot Streak: how many streaks there are in the order the games were played,42004373,210021865
How often do streaks happen?,Bullet,1000-1199,Losing streaks of exactly 10 games,Expected: how many streaks there are once each day's games are put in a random order,130038,1300380
How often do streaks happen?,Bullet,1000-1199,Losing streaks of exactly 10 games,Tilt: how many streaks there are in the order the games were played,140514,1405140
How often do streaks happen?,Bullet,1000-1199,Winning streaks of exactly 10 games,Expected: how many streaks there are once each day's games are put in a random order,85531,855310
How often do streaks happen?,Bullet,1000-1199,Winning streaks of exactly 10 games,Hot Streak: how many streaks there are in the order the games were played,95290,952900
How often do streaks happen?,Bullet,1000-1199,Losing streaks of exactly 5 games,Expected: how many streaks there are once each day's games are put in a random order,2611128,13055640
How often do streaks happen?,Bullet,1000-1199,Losing streaks of exactly 5 games,Tilt: how many streaks there are in the order the games were played,2641162,13205810
How often do streaks happen?,Bullet,1000-1199,Winning streaks of exactly 5 games,Expected: how many streaks there are once each day's games are put in a random order,2350722,11753610
How often do streaks happen?,Bullet,1000-1199,Winning streaks of exactly 5 games,Hot Streak: how many streaks there are in the order the games were played,2385265,11926325
How often do streaks happen?,Bullet,1200-1399,Losing streaks of exactly 10 games,Expected: how many streaks there are once each day's games are put in a random order,206362,2063620
How often do streaks happen?,Bullet,1200-1399,Losing streaks of exactly 10 games,Tilt: how many streaks there are in the order the games were played,224584,2245840
How often do streaks happen?,Bullet,1200-1399,Winning streaks of exactly 10 games,Expected: how many streaks there are once each day's games are put in a random order,180321,1803210
How often do streaks happen?,Bullet,1200-1399,Winning streaks of exactly 10 games,Hot Streak: how many streaks there are in the order the games were played,198912,1989120
How often do streaks happen?,Bullet,1200-1399,Losing streaks of exactly 5 games,Expected: how many streaks there are once each day's games are put in a random order,5053165,25265825
How often do streaks happen?,Bullet,1200-1399,Losing streaks of exactly 5 games,Tilt: how many streaks there are in the order the games were played,5108950,25544750
How often do streaks happen?,Bullet,1200-1399,Winning streaks of exactly 5 games,Expected: how many streaks there are once each day's games are put in a random order,4917708,24588540
How often do streaks happen?,Bullet,1200-1399,Winning streaks of exactly 5 games,Hot Streak: how many streaks there are in the order the games were played,4969728,24848640
How often do streaks happen?,Bullet,1400-1599,Losing streaks of exactly 10 games,Expected: how many streaks there are once each day's games are put in a random order,283727,2837270
How often do streaks happen?,Bullet,1400-1599,Losing streaks of exactly 10 games,Tilt: how many streaks there are in the order the games were played,312714,3127140
How often do streaks happen?,Bullet,1400-1599,Winning streaks of exactly 10 games,Expected: how many streaks there are once each day's games are put in a random order,276094,2760940
How often do streaks happen?,Bullet,1400-1599,Winning streaks of exactly 10 games,Hot Streak: how many streaks there are in the order the games were played,304042,3040420
How often do streaks happen?,Bullet,1400-1599,Losing streaks of exactly 5 games,Expected: how many streaks there are once each day's games are put in a random order,7478908,37394540
How often do streaks happen?,Bullet,1400-1599,Losing streaks of exactly 5 games,Tilt: how many streaks there are in the order the games were played,7557913,37789565
How often do streaks happen?,Bullet,1400-1599,Winning streaks of exactly 5 games,Expected: how many streaks there are once each day's games are put in a random order,7435233,37176165
How often do streaks happen?,Bullet,1400-1599,Winning streaks of exactly 5 games,Hot Streak: how many streaks there are in the order the games were played,7518037,37590185
How often do streaks happen?,Bullet,1600-1799,Losing streaks of exactly 10 games,Expected: how many streaks there are once each day's games are put in a random order,329569,3295690
How often do streaks happen?,Bullet,1600-1799,Losing streaks of exactly 10 games,Tilt: how many streaks there are in the order the games were played,366394,3663940
How often do streaks happen?,Bullet,1600-1799,Winning streaks of exactly 10 games,Expected: how many streaks there are once each day's games are put in a random order,338459,3384590
How often do streaks happen?,Bullet,1600-1799,Winning streaks of exactly 10 games,Hot Streak: how many streaks there are in the order the games were played,376165,3761650
How often do streaks happen?,Bullet,1600-1799,Losing streaks of exactly 5 games,Expected: how many streaks there are once each day's games are put in a random order,8805785,44028925
How often do streaks happen?,Bullet,1600-1799,Losing streaks of exactly 5 games,Tilt: how many streaks there are in the order the games were played,8905017,44525085
How often do streaks happen?,Bullet,1600-1799,Winning streaks of exactly 5 games,Expected: how many streaks there are once each day's games are put in a random order,8863412,44317060
How often do streaks happen?,Bullet,1600-1799,Winning streaks of exactly 5 games,Hot Streak: how many streaks there are in the order the games were played,8958280,44791400
How often do streaks happen?,Bullet,1800-1999,Losing streaks of exactly 10 games,Expected: how many streaks there are once each day's games are put in a random order,282565,2825650
How often do streaks happen?,Bullet,1800-1999,Losing streaks of exactly 10 games,Tilt: how many streaks there are in the order the games were played,321530,3215300
How often do streaks happen?,Bullet,1800-1999,Winning streaks of exactly 10 games,Expected: how many streaks there are once each day's games are put in a random order,329401,3294010
How often do streaks happen?,Bullet,1800-1999,Winning streaks of exactly 10 games,Hot Streak: how many streaks there are in the order the games were played,369933,3699330
How often do streaks happen?,Bullet,1800-1999,Losing streaks of exactly 5 games,Expected: how many streaks there are once each day's games are put in a random order,7721636,38608180
How often do streaks happen?,Bullet,1800-1999,Losing streaks of exactly 5 games,Tilt: how many streaks there are in the order the games were played,7821882,39109410
How often do streaks happen?,Bullet,1800-1999,Winning streaks of exactly 5 games,Expected: how many streaks there are once each day's games are put in a random order,8012905,40064525
How often do streaks happen?,Bullet,1800-1999,Winning streaks of exactly 5 games,Hot Streak: how many streaks there are in the order the games were played,8094149,40470745
How often do streaks happen?,Bullet,2000-2199,Losing streaks of exactly 10 games,Expected: how many streaks there are once each day's games are put in a random order,176561,1765610
How often do streaks happen?,Bullet,2000-2199,Losing streaks of exactly 10 games,Tilt: how many streaks there are in the order the games were played,205623,2056230
How often do streaks happen?,Bullet,2000-2199,Winning streaks of exactly 10 games,Expected: how many streaks there are once each day's games are put in a random order,252754,2527540
How often do streaks happen?,Bullet,2000-2199,Winning streaks of exactly 10 games,Hot Streak: how many streaks there are in the order the games were played,286431,2864310
How often do streaks happen?,Bullet,2000-2199,Losing streaks of exactly 5 games,Expected: how many streaks there are once each day's games are put in a random order,4900077,24500385
How often do streaks happen?,Bullet,2000-2199,Losing streaks of exactly 5 games,Tilt: how many streaks there are in the order the games were played,4988036,24940180
How often do streaks happen?,Bullet,2000-2199,Winning streaks of exactly 5 games,Expected: how many streaks there are once each day's games are put in a random order,5445780,27228900
How often do streaks happen?,Bullet,2000-2199,Winning streaks of exactly 5 games,Hot Streak: how many streaks there are in the order the games were played,5488503,27442515
How often do streaks happen?,Bullet,2200-2399,Losing streaks of exactly 10 games,Expected: how many streaks there are once each day's games are put in a random order,74738,747380
How often do streaks happen?,Bullet,2200-2399,Losing streaks of exactly 10 games,Tilt: how many streaks there are in the order the games were played,89693,896930
How often do streaks happen?,Bullet,2200-2399,Winning streaks of exactly 10 games,Expected: how many streaks there are once each day's games are put in a random order,151517,1515170
How often do streaks happen?,Bullet,2200-2399,Winning streaks of exactly 10 games,Hot Streak: how many streaks there are in the order the games were played,171940,1719400
How often do streaks happen?,Bullet,2200-2399,Losing streaks of exactly 5 games,Expected: how many streaks there are once each day's games are put in a random order,2095015,10475075
How often do streaks happen?,Bullet,2200-2399,Losing streaks of exactly 5 games,Tilt: how many streaks there are in the order the games were played,2141232,10706160
How often do streaks happen?,Bullet,2200-2399,Winning streaks of exactly 5 games,Expected: how many streaks there are once each day's games are put in a random order,2686160,13430800
How often do streaks happen?,Bullet,2200-2399,Winning streaks of exactly 5 games,Hot Streak: how many streaks there are in the order the games were played,2687337,13436685
How often do streaks happen?,Bullet,2400 and up,Losing streaks of exactly 10 games,Expected: how many streaks there are once each day's games are put in a random order,29234,292340
How often do streaks happen?,Bullet,2400 and up,Losing streaks of exactly 10 games,Tilt: how many streaks there are in the order the games were played,38643,386430
How often do streaks happen?,Bullet,2400 and up,Winning streaks of exactly 10 games,Expected: how many streaks there are once each day's games are put in a random order,96173,961730
How often do streaks happen?,Bullet,2400 and up,Winning streaks of exactly 10 games,Hot Streak: how many streaks there are in the order the games were played,108815,1088150
How often do streaks happen?,Bullet,2400 and up,Losing streaks of exactly 5 games,Expected: how many streaks there are once each day's games are put in a random order,773450,3867250
How often do streaks happen?,Bullet,2400 and up,Losing streaks of exactly 5 games,Tilt: how many streaks there are in the order the games were played,803545,4017725
How often do streaks happen?,Bullet,2400 and up,Winning streaks of exactly 5 games,Expected: how many streaks there are once each day's games are put in a random order,1244915,6224575
How often do streaks happen?,Bullet,2400 and up,Winning streaks of exactly 5 games,Hot Streak: how many streaks there are in the order the games were played,1243889,6219445
How often do streaks happen?,Blitz,All ratings,Losing streaks of exactly 10 games,Expected: how many streaks there are once each day's games are put in a random order,2115493,21154930
How often do streaks happen?,Blitz,All ratings,Losing streaks of exactly 10 games,Tilt: how many streaks there are in the order the games were played,2277603,22776030
How often do streaks happen?,Blitz,All ratings,Winning streaks of exactly 10 games,Expected: how many streaks there are once each day's games are put in a random order,2127667,21276670
How often do streaks happen?,Blitz,All ratings,Winning streaks of exactly 10 games,Hot Streak: how many streaks there are in the order the games were played,2289881,22898810
How often do streaks happen?,Blitz,All ratings,Losing streaks of exactly 5 games,Expected: how many streaks there are once each day's games are put in a random order,52147882,260739410
How often do streaks happen?,Blitz,All ratings,Losing streaks of exactly 5 games,Tilt: how many streaks there are in the order the games were played,52975104,264875520
How often do streaks happen?,Blitz,All ratings,Winning streaks of exactly 5 games,Expected: how many streaks there are once each day's games are put in a random order,52804147,264020735
How often do streaks happen?,Blitz,All ratings,Winning streaks of exactly 5 games,Hot Streak: how many streaks there are in the order the games were played,53600655,268003275
How often do streaks happen?,Blitz,1000-1199,Losing streaks of exactly 10 games,Expected: how many streaks there are once each day's games are put in a random order,265415,2654150
How often do streaks happen?,Blitz,1000-1199,Losing streaks of exactly 10 games,Tilt: how many streaks there are in the order the games were played,280282,2802820
How often do streaks happen?,Blitz,1000-1199,Winning streaks of exactly 10 games,Expected: how many streaks there are once each day's games are put in a random order,163239,1632390
How often do streaks happen?,Blitz,1000-1199,Winning streaks of exactly 10 games,Hot Streak: how many streaks there are in the order the games were played,177048,1770480
How often do streaks happen?,Blitz,1000-1199,Losing streaks of exactly 5 games,Expected: how many streaks there are once each day's games are put in a random order,5089890,25449450
How often do streaks happen?,Blitz,1000-1199,Losing streaks of exactly 5 games,Tilt: how many streaks there are in the order the games were played,5172147,25860735
How often do streaks happen?,Blitz,1000-1199,Winning streaks of exactly 5 games,Expected: how many streaks there are once each day's games are put in a random order,4500088,22500440
How often do streaks happen?,Blitz,1000-1199,Winning streaks of exactly 5 games,Hot Streak: how many streaks there are in the order the games were played,4596969,22984845
How often do streaks happen?,Blitz,1200-1399,Losing streaks of exactly 10 games,Expected: how many streaks there are once each day's games are put in a random order,355603,3556030
How often do streaks happen?,Blitz,1200-1399,Losing streaks of exactly 10 games,Tilt: how many streaks there are in the order the games were played,380524,3805240
How often do streaks happen?,Blitz,1200-1399,Winning streaks of exactly 10 games,Expected: how many streaks there are once each day's games are put in a random order,291976,2919760
How often do streaks happen?,Blitz,1200-1399,Winning streaks of exactly 10 games,Hot Streak: how many streaks there are in the order the games were played,315786,3157860
How often do streaks happen?,Blitz,1200-1399,Losing streaks of exactly 5 games,Expected: how many streaks there are once each day's games are put in a random order,8282423,41412115
How often do streaks happen?,Blitz,1200-1399,Losing streaks of exactly 5 games,Tilt: how many streaks there are in the order the games were played,8416810,42084050
How often do streaks happen?,Blitz,1200-1399,Winning streaks of exactly 5 games,Expected: how many streaks there are once each day's games are put in a random order,7908256,39541280
How often do streaks happen?,Blitz,1200-1399,Winning streaks of exactly 5 games,Hot Streak: how many streaks there are in the order the games were played,8056157,40280785
How often do streaks happen?,Blitz,1400-1599,Losing streaks of exactly 10 games,Expected: how many streaks there are once each day's games are put in a random order,412349,4123490
How often do streaks happen?,Blitz,1400-1599,Losing streaks of exactly 10 games,Tilt: how many streaks there are in the order the games were played,446742,4467420
How often do streaks happen?,Blitz,1400-1599,Winning streaks of exactly 10 games,Expected: how many streaks there are once each day's games are put in a random order,403749,4037490
How often do streaks happen?,Blitz,1400-1599,Winning streaks of exactly 10 games,Hot Streak: how many streaks there are in the order the games were played,436519,4365190
How often do streaks happen?,Blitz,1400-1599,Losing streaks of exactly 5 games,Expected: how many streaks there are once each day's games are put in a random order,10771627,53858135
How often do streaks happen?,Blitz,1400-1599,Losing streaks of exactly 5 games,Tilt: how many streaks there are in the order the games were played,10952131,54760655
How often do streaks happen?,Blitz,1400-1599,Winning streaks of exactly 5 games,Expected: how many streaks there are once each day's games are put in a random order,10722504,53612520
How often do streaks happen?,Blitz,1400-1599,Winning streaks of exactly 5 games,Hot Streak: how many streaks there are in the order the games were played,10902183,54510915
How often do streaks happen?,Blitz,1600-1799,Losing streaks of exactly 10 games,Expected: how many streaks there are once each day's games are put in a random order,405706,4057060
How often do streaks happen?,Blitz,1600-1799,Losing streaks of exactly 10 games,Tilt: how many streaks there are in the order the games were played,439784,4397840
How often do streaks happen?,Blitz,1600-1799,Winning streaks of exactly 10 games,Expected: how many streaks there are once each day's games are put in a random order,444046,4440460
How often do streaks happen?,Blitz,1600-1799,Winning streaks of exactly 10 games,Hot Streak: how many streaks there are in the order the games were played,476277,4762770
How often do streaks happen?,Blitz,1600-1799,Losing streaks of exactly 5 games,Expected: how many streaks there are once each day's games are put in a random order,11164945,55824725
How often do streaks happen?,Blitz,1600-1799,Losing streaks of exactly 5 games,Tilt: how many streaks there are in the order the games were played,11334565,56672825
How often do streaks happen?,Blitz,1600-1799,Winning streaks of exactly 5 games,Expected: how many streaks there are once each day's games are put in a random order,11426101,57130505
How often do streaks happen?,Blitz,1600-1799,Winning streaks of exactly 5 games,Hot Streak: how many streaks there are in the order the games were played,11592689,57963445
How often do streaks happen?,Blitz,1800-1999,Losing streaks of exactly 10 games,Expected: how many streaks there are once each day's games are put in a random order,301072,3010720
How often do streaks happen?,Blitz,1800-1999,Losing streaks of exactly 10 games,Tilt: how many streaks there are in the order the games were played,328410,3284100
How often do streaks happen?,Blitz,1800-1999,Winning streaks of exactly 10 games,Expected: how many streaks there are once each day's games are put in a random order,381248,3812480
How often do streaks happen?,Blitz,1800-1999,Winning streaks of exactly 10 games,Hot Streak: how many streaks there are in the order the games were played,408614,4086140
How often do streaks happen?,Blitz,1800-1999,Losing streaks of exactly 5 games,Expected: how many streaks there are once each day's games are put in a random order,8666131,43330655
How often do streaks happen?,Blitz,1800-1999,Losing streaks of exactly 5 games,Tilt: how many streaks there are in the order the games were played,8800756,44003780
How often do streaks happen?,Blitz,1800-1999,Winning streaks of exactly 5 games,Expected: how many streaks there are once each day's games are put in a random order,9257155,46285775
How often do streaks happen?,Blitz,1800-1999,Winning streaks of exactly 5 games,Hot Streak: how many streaks there are in the order the games were played,9368282,46841410
How often do streaks happen?,Blitz,2000-2199,Losing streaks of exactly 10 games,Expected: how many streaks there are once each day's games are put in a random order,144312,1443120
How often do streaks happen?,Blitz,2000-2199,Losing streaks of exactly 10 games,Tilt: how many streaks there are in the order the games were played,157187,1571870
How often do streaks happen?,Blitz,2000-2199,Winning streaks of exactly 10 games,Expected: how many streaks there are once each day's games are put in a random order,240633,2406330
How often do streaks happen?,Blitz,2000-2199,Winning streaks of exactly 10 games,Hot Streak: how many streaks there are in the order the games were played,258067,2580670
How often do streaks happen?,Blitz,2000-2199,Losing streaks of exactly 5 games,Expected: how many streaks there are once each day's games are put in a random order,4283701,21418505
How often do streaks happen?,Blitz,2000-2199,Losing streaks of exactly 5 games,Tilt: how many streaks there are in the order the games were played,4343016,21715080
How often do streaks happen?,Blitz,2000-2199,Winning streaks of exactly 5 games,Expected: how many streaks there are once each day's games are put in a random order,5055579,25277895
How often do streaks happen?,Blitz,2000-2199,Winning streaks of exactly 5 games,Hot Streak: how many streaks there are in the order the games were played,5095184,25475920
How often do streaks happen?,Blitz,2200-2399,Losing streaks of exactly 10 games,Expected: how many streaks there are once each day's games are put in a random order,42644,426440
How often do streaks happen?,Blitz,2200-2399,Losing streaks of exactly 10 games,Tilt: how many streaks there are in the order the games were played,46612,466120
How often do streaks happen?,Blitz,2200-2399,Winning streaks of exactly 10 games,Expected: how many streaks there are once each day's games are put in a random order,108530,1085300
How often do streaks happen?,Blitz,2200-2399,Winning streaks of exactly 10 games,Hot Streak: how many streaks there are in the order the games were played,115422,1154220
How often do streaks happen?,Blitz,2200-2399,Losing streaks of exactly 5 games,Expected: how many streaks there are once each day's games are put in a random order,1278019,6390095
How often do streaks happen?,Blitz,2200-2399,Losing streaks of exactly 5 games,Tilt: how many streaks there are in the order the games were played,1299965,6499825
How often do streaks happen?,Blitz,2200-2399,Winning streaks of exactly 5 games,Expected: how many streaks there are once each day's games are put in a random order,1812742,9063710
How often do streaks happen?,Blitz,2200-2399,Winning streaks of exactly 5 games,Hot Streak: how many streaks there are in the order the games were played,1819628,9098140
How often do streaks happen?,Blitz,2400 and up,Losing streaks of exactly 10 games,Expected: how many streaks there are once each day's games are put in a random order,8930,89300
How often do streaks happen?,Blitz,2400 and up,Losing streaks of exactly 10 games,Tilt: how many streaks there are in the order the games were played,10333,103330
How often do streaks happen?,Blitz,2400 and up,Winning streaks of exactly 10 games,Expected: how many streaks there are once each day's games are put in a random order,42051,420510
How often do streaks happen?,Blitz,2400 and up,Winning streaks of exactly 10 games,Hot Streak: how many streaks there are in the order the games were played,44354,443540
How often do streaks happen?,Blitz,2400 and up,Losing streaks of exactly 5 games,Expected: how many streaks there are once each day's games are put in a random order,277503,1387515
How often do streaks happen?,Blitz,2400 and up,Losing streaks of exactly 5 games,Tilt: how many streaks there are in the order the games were played,284177,1420885
How often do streaks happen?,Blitz,2400 and up,Winning streaks of exactly 5 games,Expected: how many streaks there are once each day's games are put in a random order,515093,2575465
How often do streaks happen?,Blitz,2400 and up,Winning streaks of exactly 5 games,Hot Streak: how many streaks there are in the order the games were played,513424,2567120
How often do streaks happen?,Rapid,All ratings,Losing streaks of exactly 10 games,Expected: how many streaks there are once each day's games are put in a random order,814438,8144380
How often do streaks happen?,Rapid,All ratings,Losing streaks of exactly 10 games,Tilt: how many streaks there are in the order the games were played,860723,8607230
How often do streaks happen?,Rapid,All ratings,Winning streaks of exactly 10 games,Expected: how many streaks there are once each day's games are put in a random order,644456,6444560
How often do streaks happen?,Rapid,All ratings,Winning streaks of exactly 10 games,Hot Streak: how many streaks there are in the order the games were played,687296,6872960
How often do streaks happen?,Rapid,All ratings,Losing streaks of exactly 5 games,Expected: how many streaks there are once each day's games are put in a random order,14604763,73023815
How often do streaks happen?,Rapid,All ratings,Losing streaks of exactly 5 games,Tilt: how many streaks there are in the order the games were played,14858849,74294245
How often do streaks happen?,Rapid,All ratings,Winning streaks of exactly 5 games,Expected: how many streaks there are once each day's games are put in a random order,13711543,68557715
How often do streaks happen?,Rapid,All ratings,Winning streaks of exactly 5 games,Hot Streak: how many streaks there are in the order the games were played,13980749,69903745
How often do streaks happen?,Rapid,1000-1199,Losing streaks of exactly 10 games,Expected: how many streaks there are once each day's games are put in a random order,156680,1566800
How often do streaks happen?,Rapid,1000-1199,Losing streaks of exactly 10 games,Tilt: how many streaks there are in the order the games were played,162369,1623690
How often do streaks happen?,Rapid,1000-1199,Winning streaks of exactly 10 games,Expected: how many streaks there are once each day's games are put in a random order,69396,693960
How often do streaks happen?,Rapid,1000-1199,Winning streaks of exactly 10 games,Hot Streak: how many streaks there are in the order the games were played,75326,753260
How often do streaks happen?,Rapid,1000-1199,Losing streaks of exactly 5 games,Expected: how many streaks there are once each day's games are put in a random order,2107305,10536525
How often do streaks happen?,Rapid,1000-1199,Losing streaks of exactly 5 games,Tilt: how many streaks there are in the order the games were played,2138388,10691940
How often do streaks happen?,Rapid,1000-1199,Winning streaks of exactly 5 games,Expected: how many streaks there are once each day's games are put in a random order,1666696,8333480
How often do streaks happen?,Rapid,1000-1199,Winning streaks of exactly 5 games,Hot Streak: how many streaks there are in the order the games were played,1709225,8546125
How often do streaks happen?,Rapid,1200-1399,Losing streaks of exactly 10 games,Expected: how many streaks there are once each day's games are put in a random order,183091,1830910
How often do streaks happen?,Rapid,1200-1399,Losing streaks of exactly 10 games,Tilt: how many streaks there are in the order the games were played,194252,1942520
How often do streaks happen?,Rapid,1200-1399,Winning streaks of exactly 10 games,Expected: how many streaks there are once each day's games are put in a random order,115558,1155580
How often do streaks happen?,Rapid,1200-1399,Winning streaks of exactly 10 games,Hot Streak: how many streaks there are in the order the games were played,124894,1248940
How often do streaks happen?,Rapid,1200-1399,Losing streaks of exactly 5 games,Expected: how many streaks there are once each day's games are put in a random order,3093825,15469125
How often do streaks happen?,Rapid,1200-1399,Losing streaks of exactly 5 games,Tilt: how many streaks there are in the order the games were played,3140732,15703660
How often do streaks happen?,Rapid,1200-1399,Winning streaks of exactly 5 games,Expected: how many streaks there are once each day's games are put in a random order,2705517,13527585
How often do streaks happen?,Rapid,1200-1399,Winning streaks of exactly 5 games,Hot Streak: how many streaks there are in the order the games were played,2763188,13815940
How often do streaks happen?,Rapid,1400-1599,Losing streaks of exactly 10 games,Expected: how many streaks there are once each day's games are put in a random order,163349,1633490
How often do streaks happen?,Rapid,1400-1599,Losing streaks of exactly 10 games,Tilt: how many streaks there are in the order the games were played,175093,1750930
How often do streaks happen?,Rapid,1400-1599,Winning streaks of exactly 10 games,Expected: how many streaks there are once each day's games are put in a random order,145206,1452060
How often do streaks happen?,Rapid,1400-1599,Winning streaks of exactly 10 games,Hot Streak: how many streaks there are in the order the games were played,154886,1548860
How often do streaks happen?,Rapid,1400-1599,Losing streaks of exactly 5 games,Expected: how many streaks there are once each day's games are put in a random order,3431907,17159535
How often do streaks happen?,Rapid,1400-1599,Losing streaks of exactly 5 games,Tilt: how many streaks there are in the order the games were played,3493076,17465380
How often do streaks happen?,Rapid,1400-1599,Winning streaks of exactly 5 games,Expected: how many streaks there are once each day's games are put in a random order,3279096,16395480
How often do streaks happen?,Rapid,1400-1599,Winning streaks of exactly 5 games,Hot Streak: how many streaks there are in the order the games were played,3342281,16711405
How often do streaks happen?,Rapid,1600-1799,Losing streaks of exactly 10 games,Expected: how many streaks there are once each day's games are put in a random order,119613,1196130
How often do streaks happen?,Rapid,1600-1799,Losing streaks of exactly 10 games,Tilt: how many streaks there are in the order the games were played,128013,1280130
How often do streaks happen?,Rapid,1600-1799,Winning streaks of exactly 10 games,Expected: how many streaks there are once each day's games are put in a random order,144318,1443180
How often do streaks happen?,Rapid,1600-1799,Winning streaks of exactly 10 games,Hot Streak: how many streaks there are in the order the games were played,152780,1527800
How often do streaks happen?,Rapid,1600-1799,Losing streaks of exactly 5 games,Expected: how many streaks there are once each day's games are put in a random order,2868837,14344185
How often do streaks happen?,Rapid,1600-1799,Losing streaks of exactly 5 games,Tilt: how many streaks there are in the order the games were played,2923918,14619590
How often do streaks happen?,Rapid,1600-1799,Winning streaks of exactly 5 games,Expected: how many streaks there are once each day's games are put in a random order,2986321,14931605
How often do streaks happen?,Rapid,1600-1799,Winning streaks of exactly 5 games,Hot Streak: how many streaks there are in the order the games were played,3035594,15177970
How often do streaks happen?,Rapid,1800-1999,Losing streaks of exactly 10 games,Expected: how many streaks there are once each day's games are put in a random order,57956,579560
How often do streaks happen?,Rapid,1800-1999,Losing streaks of exactly 10 games,Tilt: how many streaks there are in the order the games were played,61804,618040
How often do streaks happen?,Rapid,1800-1999,Winning streaks of exactly 10 games,Expected: how many streaks there are once each day's games are put in a random order,96757,967570
How often do streaks happen?,Rapid,1800-1999,Winning streaks of exactly 10 games,Hot Streak: how many streaks there are in the order the games were played,102216,1022160
How often do streaks happen?,Rapid,1800-1999,Losing streaks of exactly 5 games,Expected: how many streaks there are once each day's games are put in a random order,1531779,7658895
How often do streaks happen?,Rapid,1800-1999,Losing streaks of exactly 5 games,Tilt: how many streaks there are in the order the games were played,1562969,7814845
How often do streaks happen?,Rapid,1800-1999,Winning streaks of exactly 5 games,Expected: how many streaks there are once each day's games are put in a random order,1746663,8733315
How often do streaks happen?,Rapid,1800-1999,Winning streaks of exactly 5 games,Hot Streak: how many streaks there are in the order the games were played,1769127,8845635
How often do streaks happen?,Rapid,2000-2199,Losing streaks of exactly 10 games,Expected: how many streaks there are once each day's games are put in a random order,12409,124090
How often do streaks happen?,Rapid,2000-2199,Losing streaks of exactly 10 games,Tilt: how many streaks there are in the order the games were played,13558,135580
How often do streaks happen?,Rapid,2000-2199,Winning streaks of exactly 10 games,Expected: how many streaks there are once each day's games are put in a random order,36311,363110
How often do streaks happen?,Rapid,2000-2199,Winning streaks of exactly 10 games,Hot Streak: how many streaks there are in the order the games were played,37232,372320
How often do streaks happen?,Rapid,2000-2199,Losing streaks of exactly 5 games,Expected: how many streaks there are once each day's games are put in a random order,371499,1857495
How often do streaks happen?,Rapid,2000-2199,Losing streaks of exactly 5 games,Tilt: how many streaks there are in the order the games were played,380052,1900260
How often do streaks happen?,Rapid,2000-2199,Winning streaks of exactly 5 games,Expected: how many streaks there are once each day's games are put in a random order,509148,2545740
How often do streaks happen?,Rapid,2000-2199,Winning streaks of exactly 5 games,Hot Streak: how many streaks there are in the order the games were played,515696,2578480
How often do streaks happen?,Rapid,2200-2399,Losing streaks of exactly 10 games,Expected: how many streaks there are once each day's games are put in a random order,1127,11270
How often do streaks happen?,Rapid,2200-2399,Losing streaks of exactly 10 games,Tilt: how many streaks there are in the order the games were played,1259,12590
How often do streaks happen?,Rapid,2200-2399,Winning streaks of exactly 10 games,Expected: how many streaks there are once each day's games are put in a random order,7173,71730
How often do streaks happen?,Rapid,2200-2399,Winning streaks of exactly 10 games,Hot Streak: how many streaks there are in the order the games were played,7284,72840
How often do streaks happen?,Rapid,2200-2399,Losing streaks of exactly 5 games,Expected: how many streaks there are once each day's games are put in a random order,36531,182655
How often do streaks happen?,Rapid,2200-2399,Losing streaks of exactly 5 games,Tilt: how many streaks there are in the order the games were played,37361,186805
How often do streaks happen?,Rapid,2200-2399,Winning streaks of exactly 5 games,Expected: how many streaks there are once each day's games are put in a random order,69475,347375
How often do streaks happen?,Rapid,2200-2399,Winning streaks of exactly 5 games,Hot Streak: how many streaks there are in the order the games were played,69880,349400
How often do streaks happen?,Rapid,2400 and up,Losing streaks of exactly 10 games,Expected: how many streaks there are once each day's games are put in a random order,53,530
How often do streaks happen?,Rapid,2400 and up,Losing streaks of exactly 10 games,Tilt: how many streaks there are in the order the games were played,62,620
How often do streaks happen?,Rapid,2400 and up,Winning streaks of exactly 10 games,Expected: how many streaks there are once each day's games are put in a random order,662,6620
How often do streaks happen?,Rapid,2400 and up,Winning streaks of exactly 10 games,Hot Streak: how many streaks there are in the order the games were played,691,6910
How often do streaks happen?,Rapid,2400 and up,Losing streaks of exactly 5 games,Expected: how many streaks there are once each day's games are put in a random order,1545,7725
How often do streaks happen?,Rapid,2400 and up,Losing streaks of exactly 5 games,Tilt: how many streaks there are in the order the games were played,1671,8355
How often do streaks happen?,Rapid,2400 and up,Winning streaks of exactly 5 games,Expected: how many streaks there are once each day's games are put in a random order,4330,21650
How often do streaks happen?,Rapid,2400 and up,Winning streaks of exactly 5 games,Hot Streak: how many streaks there are in the order the games were played,4325,21625
How much better or worse than usual does a player play during a streak?,Summary,All ratings,Game 1 of a losing streak,"Tilt: change in move accuracy, in points out of 100, against the same players' other losses at the same rating",0.11,179853
How much better or worse than usual does a player play during a streak?,Summary,All ratings,Game 2 of a losing streak,"Tilt: change in move accuracy, in points out of 100, against the same players' other losses at the same rating",-0.21,179845
How much better or worse than usual does a player play during a streak?,Summary,All ratings,Game 3 of a losing streak,"Tilt: change in move accuracy, in points out of 100, against the same players' other losses at the same rating",-0.3,179844
How much better or worse than usual does a player play during a streak?,Summary,All ratings,Game 5 of a losing streak,"Tilt: change in move accuracy, in points out of 100, against the same players' other losses at the same rating",-0.28,175808
How much better or worse than usual does a player play during a streak?,Summary,All ratings,Game 10 of a losing streak,"Tilt: change in move accuracy, in points out of 100, against the same players' other losses at the same rating",-0.31,173058
How much better or worse than usual does a player play during a streak?,Summary,All ratings,Game 1 of a winning streak,"Hot Streak: change in move accuracy, in points out of 100, against the same players' other wins at the same rating",-0.15,179884
How much better or worse than usual does a player play during a streak?,Summary,All ratings,Game 2 of a winning streak,"Hot Streak: change in move accuracy, in points out of 100, against the same players' other wins at the same rating",0.11,179897
How much better or worse than usual does a player play during a streak?,Summary,All ratings,Game 3 of a winning streak,"Hot Streak: change in move accuracy, in points out of 100, against the same players' other wins at the same rating",0.19,179918
How much better or worse than usual does a player play during a streak?,Summary,All ratings,Game 5 of a winning streak,"Hot Streak: change in move accuracy, in points out of 100, against the same players' other wins at the same rating",0.21,179880
How much better or worse than usual does a player play during a streak?,Summary,All ratings,Game 10 of a winning streak,"Hot Streak: change in move accuracy, in points out of 100, against the same players' other wins at the same rating",1.62,179455
How much better or worse than usual does a player play during a streak?,Summary,1000-1199,Game 1 of a losing streak,"Tilt: change in move accuracy, in points out of 100, against the same players' other losses at the same rating",0.12,21972
How much better or worse than usual does a player play during a streak?,Summary,1000-1199,Game 2 of a losing streak,"Tilt: change in move accuracy, in points out of 100, against the same players' other losses at the same rating",-0.54,21979
How much better or worse than usual does a player play during a streak?,Summary,1000-1199,Game 3 of a losing streak,"Tilt: change in move accuracy, in points out of 100, against the same players' other losses at the same rating",-0.29,21966
How much better or worse than usual does a player play during a streak?,Summary,1000-1199,Game 5 of a losing streak,"Tilt: change in move accuracy, in points out of 100, against the same players' other losses at the same rating",-0.49,21953
How much better or worse than usual does a player play during a streak?,Summary,1000-1199,Game 10 of a losing streak,"Tilt: change in move accuracy, in points out of 100, against the same players' other losses at the same rating",-0.29,21883
How much better or worse than usual does a player play during a streak?,Summary,1000-1199,Game 1 of a winning streak,"Hot Streak: change in move accuracy, in points out of 100, against the same players' other wins at the same rating",0.07,21993
How much better or worse than usual does a player play during a streak?,Summary,1000-1199,Game 2 of a winning streak,"Hot Streak: change in move accuracy, in points out of 100, against the same players' other wins at the same rating",0,21990
How much better or worse than usual does a player play during a streak?,Summary,1000-1199,Game 3 of a winning streak,"Hot Streak: change in move accuracy, in points out of 100, against the same players' other wins at the same rating",0.27,21989
How much better or worse than usual does a player play during a streak?,Summary,1000-1199,Game 5 of a winning streak,"Hot Streak: change in move accuracy, in points out of 100, against the same players' other wins at the same rating",0.36,21977
How much better or worse than usual does a player play during a streak?,Summary,1000-1199,Game 10 of a winning streak,"Hot Streak: change in move accuracy, in points out of 100, against the same players' other wins at the same rating",2.43,21906
How much better or worse than usual does a player play during a streak?,Summary,1200-1399,Game 1 of a losing streak,"Tilt: change in move accuracy, in points out of 100, against the same players' other losses at the same rating",0.17,21981
How much better or worse than usual does a player play during a streak?,Summary,1200-1399,Game 2 of a losing streak,"Tilt: change in move accuracy, in points out of 100, against the same players' other losses at the same rating",-0.02,21991
How much better or worse than usual does a player play during a streak?,Summary,1200-1399,Game 3 of a losing streak,"Tilt: change in move accuracy, in points out of 100, against the same players' other losses at the same rating",0,21987
How much better or worse than usual does a player play during a streak?,Summary,1200-1399,Game 5 of a losing streak,"Tilt: change in move accuracy, in points out of 100, against the same players' other losses at the same rating",-0.05,21979
How much better or worse than usual does a player play during a streak?,Summary,1200-1399,Game 10 of a losing streak,"Tilt: change in move accuracy, in points out of 100, against the same players' other losses at the same rating",0.5,21917
How much better or worse than usual does a player play during a streak?,Summary,1200-1399,Game 1 of a winning streak,"Hot Streak: change in move accuracy, in points out of 100, against the same players' other wins at the same rating",-0.34,21984
How much better or worse than usual does a player play during a streak?,Summary,1200-1399,Game 2 of a winning streak,"Hot Streak: change in move accuracy, in points out of 100, against the same players' other wins at the same rating",-0.1,21987
How much better or worse than usual does a player play during a streak?,Summary,1200-1399,Game 3 of a winning streak,"Hot Streak: change in move accuracy, in points out of 100, against the same players' other wins at the same rating",-0.15,21988
How much better or worse than usual does a player play during a streak?,Summary,1200-1399,Game 5 of a winning streak,"Hot Streak: change in move accuracy, in points out of 100, against the same players' other wins at the same rating",-0.14,21988
How much better or worse than usual does a player play during a streak?,Summary,1200-1399,Game 10 of a winning streak,"Hot Streak: change in move accuracy, in points out of 100, against the same players' other wins at the same rating",1.52,21847
How much better or worse than usual does a player play during a streak?,Summary,1400-1599,Game 1 of a losing streak,"Tilt: change in move accuracy, in points out of 100, against the same players' other losses at the same rating",0.05,21992
How much better or worse than usual does a player play during a streak?,Summary,1400-1599,Game 2 of a losing streak,"Tilt: change in move accuracy, in points out of 100, against the same players' other losses at the same rating",-0.25,21987
How much better or worse than usual does a player play during a streak?,Summary,1400-1599,Game 3 of a losing streak,"Tilt: change in move accuracy, in points out of 100, against the same players' other losses at the same rating",-0.35,21991
How much better or worse than usual does a player play during a streak?,Summary,1400-1599,Game 5 of a losing streak,"Tilt: change in move accuracy, in points out of 100, against the same players' other losses at the same rating",-0.13,21978
How much better or worse than usual does a player play during a streak?,Summary,1400-1599,Game 10 of a losing streak,"Tilt: change in move accuracy, in points out of 100, against the same players' other losses at the same rating",0.05,21946
How much better or worse than usual does a player play during a streak?,Summary,1400-1599,Game 1 of a winning streak,"Hot Streak: change in move accuracy, in points out of 100, against the same players' other wins at the same rating",0.03,21993
How much better or worse than usual does a player play during a streak?,Summary,1400-1599,Game 2 of a winning streak,"Hot Streak: change in move accuracy, in points out of 100, against the same players' other wins at the same rating",0.28,21989
How much better or worse than usual does a player play during a streak?,Summary,1400-1599,Game 3 of a winning streak,"Hot Streak: change in move accuracy, in points out of 100, against the same players' other wins at the same rating",0.41,21997
How much better or worse than usual does a player play during a streak?,Summary,1400-1599,Game 5 of a winning streak,"Hot Streak: change in move accuracy, in points out of 100, against the same players' other wins at the same rating",0.24,21994
How much better or worse than usual does a player play during a streak?,Summary,1400-1599,Game 10 of a winning streak,"Hot Streak: change in move accuracy, in points out of 100, against the same players' other wins at the same rating",2,21946
How much better or worse than usual does a player play during a streak?,Summary,1600-1799,Game 1 of a losing streak,"Tilt: change in move accuracy, in points out of 100, against the same players' other losses at the same rating",0.01,21993
How much better or worse than usual does a player play during a streak?,Summary,1600-1799,Game 2 of a losing streak,"Tilt: change in move accuracy, in points out of 100, against the same players' other losses at the same rating",-0.09,21986
How much better or worse than usual does a player play during a streak?,Summary,1600-1799,Game 3 of a losing streak,"Tilt: change in move accuracy, in points out of 100, against the same players' other losses at the same rating",-0.21,21986
How much better or worse than usual does a player play during a streak?,Summary,1600-1799,Game 5 of a losing streak,"Tilt: change in move accuracy, in points out of 100, against the same players' other losses at the same rating",-0.07,21983
How much better or worse than usual does a player play during a streak?,Summary,1600-1799,Game 10 of a losing streak,"Tilt: change in move accuracy, in points out of 100, against the same players' other losses at the same rating",0.2,21965
How much better or worse than usual does a player play during a streak?,Summary,1600-1799,Game 1 of a winning streak,"Hot Streak: change in move accuracy, in points out of 100, against the same players' other wins at the same rating",-0.34,21987
How much better or worse than usual does a player play during a streak?,Summary,1600-1799,Game 2 of a winning streak,"Hot Streak: change in move accuracy, in points out of 100, against the same players' other wins at the same rating",0.13,21988
How much better or worse than usual does a player play during a streak?,Summary,1600-1799,Game 3 of a winning streak,"Hot Streak: change in move accuracy, in points out of 100, against the same players' other wins at the same rating",0.25,21990
How much better or worse than usual does a player play during a streak?,Summary,1600-1799,Game 5 of a winning streak,"Hot Streak: change in move accuracy, in points out of 100, against the same players' other wins at the same rating",0.17,21985
How much better or worse than usual does a player play during a streak?,Summary,1600-1799,Game 10 of a winning streak,"Hot Streak: change in move accuracy, in points out of 100, against the same players' other wins at the same rating",1.86,21896
How much better or worse than usual does a player play during a streak?,Summary,1800-1999,Game 1 of a losing streak,"Tilt: change in move accuracy, in points out of 100, against the same players' other losses at the same rating",0.08,21979
How much better or worse than usual does a player play during a streak?,Summary,1800-1999,Game 2 of a losing streak,"Tilt: change in move accuracy, in points out of 100, against the same players' other losses at the same rating",-0.26,21978
How much better or worse than usual does a player play during a streak?,Summary,1800-1999,Game 3 of a losing streak,"Tilt: change in move accuracy, in points out of 100, against the same players' other losses at the same rating",-0.54,21975
How much better or worse than usual does a player play during a streak?,Summary,1800-1999,Game 5 of a losing streak,"Tilt: change in move accuracy, in points out of 100, against the same players' other losses at the same rating",-0.66,21970
How much better or worse than usual does a player play during a streak?,Summary,1800-1999,Game 10 of a losing streak,"Tilt: change in move accuracy, in points out of 100, against the same players' other losses at the same rating",-0.66,21899
How much better or worse than usual does a player play during a streak?,Summary,1800-1999,Game 1 of a winning streak,"Hot Streak: change in move accuracy, in points out of 100, against the same players' other wins at the same rating",-0.11,21987
How much better or worse than usual does a player play during a streak?,Summary,1800-1999,Game 2 of a winning streak,"Hot Streak: change in move accuracy, in points out of 100, against the same players' other wins at the same rating",0.09,21987
How much better or worse than usual does a player play during a streak?,Summary,1800-1999,Game 3 of a winning streak,"Hot Streak: change in move accuracy, in points out of 100, against the same players' other wins at the same rating",0.11,21992
How much better or worse than usual does a player play during a streak?,Summary,1800-1999,Game 5 of a winning streak,"Hot Streak: change in move accuracy, in points out of 100, against the same players' other wins at the same rating",0.34,21990
How much better or worse than usual does a player play during a streak?,Summary,1800-1999,Game 10 of a winning streak,"Hot Streak: change in move accuracy, in points out of 100, against the same players' other wins at the same rating",1.53,21975
How much better or worse than usual does a player play during a streak?,Summary,2000-2199,Game 1 of a losing streak,"Tilt: change in move accuracy, in points out of 100, against the same players' other losses at the same rating",0.4,21983
How much better or worse than usual does a player play during a streak?,Summary,2000-2199,Game 2 of a losing streak,"Tilt: change in move accuracy, in points out of 100, against the same players' other losses at the same rating",-0.29,21977
How much better or worse than usual does a player play during a streak?,Summary,2000-2199,Game 3 of a losing streak,"Tilt: change in move accuracy, in points out of 100, against the same players' other losses at the same rating",-0.31,21973
How much better or worse than usual does a player play during a streak?,Summary,2000-2199,Game 5 of a losing streak,"Tilt: change in move accuracy, in points out of 100, against the same players' other losses at the same rating",-0.33,21970
How much better or worse than usual does a player play during a streak?,Summary,2000-2199,Game 10 of a losing streak,"Tilt: change in move accuracy, in points out of 100, against the same players' other losses at the same rating",-1.31,21873
How much better or worse than usual does a player play during a streak?,Summary,2000-2199,Game 1 of a winning streak,"Hot Streak: change in move accuracy, in points out of 100, against the same players' other wins at the same rating",-0.22,21981
How much better or worse than usual does a player play during a streak?,Summary,2000-2199,Game 2 of a winning streak,"Hot Streak: change in move accuracy, in points out of 100, against the same players' other wins at the same rating",0.2,21982
How much better or worse than usual does a player play during a streak?,Summary,2000-2199,Game 3 of a winning streak,"Hot Streak: change in move accuracy, in points out of 100, against the same players' other wins at the same rating",0.23,21988
How much better or worse than usual does a player play during a streak?,Summary,2000-2199,Game 5 of a winning streak,"Hot Streak: change in move accuracy, in points out of 100, against the same players' other wins at the same rating",0.28,21983
How much better or worse than usual does a player play during a streak?,Summary,2000-2199,Game 10 of a winning streak,"Hot Streak: change in move accuracy, in points out of 100, against the same players' other wins at the same rating",1.32,21972
How much better or worse than usual does a player play during a streak?,Summary,2200-2399,Game 1 of a losing streak,"Tilt: change in move accuracy, in points out of 100, against the same players' other losses at the same rating",0.13,21978
How much better or worse than usual does a player play during a streak?,Summary,2200-2399,Game 2 of a losing streak,"Tilt: change in move accuracy, in points out of 100, against the same players' other losses at the same rating",-0.13,21986
How much better or worse than usual does a player play during a streak?,Summary,2200-2399,Game 3 of a losing streak,"Tilt: change in move accuracy, in points out of 100, against the same players' other losses at the same rating",-0.37,21982
How much better or worse than usual does a player play during a streak?,Summary,2200-2399,Game 5 of a losing streak,"Tilt: change in move accuracy, in points out of 100, against the same players' other losses at the same rating",-0.49,21973
How much better or worse than usual does a player play during a streak?,Summary,2200-2399,Game 10 of a losing streak,"Tilt: change in move accuracy, in points out of 100, against the same players' other losses at the same rating",-1.88,21882
How much better or worse than usual does a player play during a streak?,Summary,2200-2399,Game 1 of a winning streak,"Hot Streak: change in move accuracy, in points out of 100, against the same players' other wins at the same rating",-0.13,21985
How much better or worse than usual does a player play during a streak?,Summary,2200-2399,Game 2 of a winning streak,"Hot Streak: change in move accuracy, in points out of 100, against the same players' other wins at the same rating",-0.01,21989
How much better or worse than usual does a player play during a streak?,Summary,2200-2399,Game 3 of a winning streak,"Hot Streak: change in move accuracy, in points out of 100, against the same players' other wins at the same rating",0.1,21988
How much better or worse than usual does a player play during a streak?,Summary,2200-2399,Game 5 of a winning streak,"Hot Streak: change in move accuracy, in points out of 100, against the same players' other wins at the same rating",0.14,21984
How much better or worse than usual does a player play during a streak?,Summary,2200-2399,Game 10 of a winning streak,"Hot Streak: change in move accuracy, in points out of 100, against the same players' other wins at the same rating",0.81,21973
How much better or worse than usual does a player play during a streak?,Summary,2400 and up,Game 1 of a losing streak,"Tilt: change in move accuracy, in points out of 100, against the same players' other losses at the same rating",0.3,21988
How much better or worse than usual does a player play during a streak?,Summary,2400 and up,Game 2 of a losing streak,"Tilt: change in move accuracy, in points out of 100, against the same players' other losses at the same rating",-0.16,21973
How much better or worse than usual does a player play during a streak?,Summary,2400 and up,Game 3 of a losing streak,"Tilt: change in move accuracy, in points out of 100, against the same players' other losses at the same rating",0,21991
How much better or worse than usual does a player play during a streak?,Summary,2400 and up,Game 5 of a losing streak,"Tilt: change in move accuracy, in points out of 100, against the same players' other losses at the same rating",-0.2,18012
How much better or worse than usual does a player play during a streak?,Summary,2400 and up,Game 10 of a losing streak,"Tilt: change in move accuracy, in points out of 100, against the same players' other losses at the same rating",-1.85,15727
How much better or worse than usual does a player play during a streak?,Summary,2400 and up,Game 1 of a winning streak,"Hot Streak: change in move accuracy, in points out of 100, against the same players' other wins at the same rating",-0.21,21985
How much better or worse than usual does a player play during a streak?,Summary,2400 and up,Game 2 of a winning streak,"Hot Streak: change in move accuracy, in points out of 100, against the same players' other wins at the same rating",0.04,21989
How much better or worse than usual does a player play during a streak?,Summary,2400 and up,Game 3 of a winning streak,"Hot Streak: change in move accuracy, in points out of 100, against the same players' other wins at the same rating",0.24,21996
How much better or worse than usual does a player play during a streak?,Summary,2400 and up,Game 5 of a winning streak,"Hot Streak: change in move accuracy, in points out of 100, against the same players' other wins at the same rating",0.44,21988
How much better or worse than usual does a player play during a streak?,Summary,2400 and up,Game 10 of a winning streak,"Hot Streak: change in move accuracy, in points out of 100, against the same players' other wins at the same rating",0.8,21981
How much better or worse than usual does a player play during a streak?,Bullet,All ratings,Game 1 of a losing streak,"Tilt: change in move accuracy, in points out of 100, against the same players' other losses at the same rating",0.22,56980
How much better or worse than usual does a player play during a streak?,Bullet,All ratings,Game 2 of a losing streak,"Tilt: change in move accuracy, in points out of 100, against the same players' other losses at the same rating",-0.16,56980
How much better or worse than usual does a player play during a streak?,Bullet,All ratings,Game 3 of a losing streak,"Tilt: change in move accuracy, in points out of 100, against the same players' other losses at the same rating",-0.33,56973
How much better or worse than usual does a player play during a streak?,Bullet,All ratings,Game 5 of a losing streak,"Tilt: change in move accuracy, in points out of 100, against the same players' other losses at the same rating",-0.31,56970
How much better or worse than usual does a player play during a streak?,Bullet,All ratings,Game 10 of a losing streak,"Tilt: change in move accuracy, in points out of 100, against the same players' other losses at the same rating",-0.98,56885
How much better or worse than usual does a player play during a streak?,Bullet,All ratings,Game 1 of a winning streak,"Hot Streak: change in move accuracy, in points out of 100, against the same players' other wins at the same rating",-0.31,56983
How much better or worse than usual does a player play during a streak?,Bullet,All ratings,Game 2 of a winning streak,"Hot Streak: change in move accuracy, in points out of 100, against the same players' other wins at the same rating",0.1,56977
How much better or worse than usual does a player play during a streak?,Bullet,All ratings,Game 3 of a winning streak,"Hot Streak: change in move accuracy, in points out of 100, against the same players' other wins at the same rating",0.2,56989
How much better or worse than usual does a player play during a streak?,Bullet,All ratings,Game 5 of a winning streak,"Hot Streak: change in move accuracy, in points out of 100, against the same players' other wins at the same rating",0.1,56967
How much better or worse than usual does a player play during a streak?,Bullet,All ratings,Game 10 of a winning streak,"Hot Streak: change in move accuracy, in points out of 100, against the same players' other wins at the same rating",0.68,56872
How much better or worse than usual does a player play during a streak?,Bullet,1400-1599,Game 1 of a losing streak,"Tilt: change in move accuracy, in points out of 100, against the same players' other losses at the same rating",0.34,6999
How much better or worse than usual does a player play during a streak?,Bullet,1400-1599,Game 1 of a winning streak,"Hot Streak: change in move accuracy, in points out of 100, against the same players' other wins at the same rating",-0.34,7000
How much better or worse than usual does a player play during a streak?,Bullet,1400-1599,Game 2 of a winning streak,"Hot Streak: change in move accuracy, in points out of 100, against the same players' other wins at the same rating",0.58,6997
How much better or worse than usual does a player play during a streak?,Bullet,1400-1599,Game 3 of a winning streak,"Hot Streak: change in move accuracy, in points out of 100, against the same players' other wins at the same rating",0.42,7000
How much better or worse than usual does a player play during a streak?,Bullet,1400-1599,Game 5 of a winning streak,"Hot Streak: change in move accuracy, in points out of 100, against the same players' other wins at the same rating",0.07,6999
How much better or worse than usual does a player play during a streak?,Bullet,1600-1799,Game 1 of a losing streak,"Tilt: change in move accuracy, in points out of 100, against the same players' other losses at the same rating",0.23,7000
How much better or worse than usual does a player play during a streak?,Bullet,1600-1799,Game 2 of a losing streak,"Tilt: change in move accuracy, in points out of 100, against the same players' other losses at the same rating",0.05,7000
How much better or worse than usual does a player play during a streak?,Bullet,1600-1799,Game 3 of a losing streak,"Tilt: change in move accuracy, in points out of 100, against the same players' other losses at the same rating",0.05,6998
How much better or worse than usual does a player play during a streak?,Bullet,1600-1799,Game 5 of a losing streak,"Tilt: change in move accuracy, in points out of 100, against the same players' other losses at the same rating",0.06,6997
How much better or worse than usual does a player play during a streak?,Bullet,1600-1799,Game 1 of a winning streak,"Hot Streak: change in move accuracy, in points out of 100, against the same players' other wins at the same rating",-0.74,7000
How much better or worse than usual does a player play during a streak?,Bullet,1600-1799,Game 2 of a winning streak,"Hot Streak: change in move accuracy, in points out of 100, against the same players' other wins at the same rating",-0.41,6998
How much better or worse than usual does a player play during a streak?,Bullet,1600-1799,Game 3 of a winning streak,"Hot Streak: change in move accuracy, in points out of 100, against the same players' other wins at the same rating",0.13,7000
How much better or worse than usual does a player play during a streak?,Bullet,1600-1799,Game 5 of a winning streak,"Hot Streak: change in move accuracy, in points out of 100, against the same players' other wins at the same rating",-0.32,6999
How much better or worse than usual does a player play during a streak?,Bullet,1800-1999,Game 1 of a losing streak,"Tilt: change in move accuracy, in points out of 100, against the same players' other losses at the same rating",0.05,6999
How much better or worse than usual does a player play during a streak?,Bullet,1800-1999,Game 2 of a losing streak,"Tilt: change in move accuracy, in points out of 100, against the same players' other losses at the same rating",-0.21,6999
How much better or worse than usual does a player play during a streak?,Bullet,1800-1999,Game 3 of a losing streak,"Tilt: change in move accuracy, in points out of 100, against the same players' other losses at the same rating",-0.78,6998
How much better or worse than usual does a player play during a streak?,Bullet,1800-1999,Game 5 of a losing streak,"Tilt: change in move accuracy, in points out of 100, against the same players' other losses at the same rating",-0.77,6998
How much better or worse than usual does a player play during a streak?,Bullet,1800-1999,Game 1 of a winning streak,"Hot Streak: change in move accuracy, in points out of 100, against the same players' other wins at the same rating",0.02,6998
How much better or worse than usual does a player play during a streak?,Bullet,1800-1999,Game 2 of a winning streak,"Hot Streak: change in move accuracy, in points out of 100, against the same players' other wins at the same rating",0.36,6996
How much better or worse than usual does a player play during a streak?,Bullet,1800-1999,Game 3 of a winning streak,"Hot Streak: change in move accuracy, in points out of 100, against the same players' other wins at the same rating",0.29,6999
How much better or worse than usual does a player play during a streak?,Bullet,1800-1999,Game 5 of a winning streak,"Hot Streak: change in move accuracy, in points out of 100, against the same players' other wins at the same rating",0.54,7000
How much better or worse than usual does a player play during a streak?,Bullet,2000-2199,Game 1 of a losing streak,"Tilt: change in move accuracy, in points out of 100, against the same players' other losses at the same rating",0.31,6996
How much better or worse than usual does a player play during a streak?,Bullet,2000-2199,Game 2 of a losing streak,"Tilt: change in move accuracy, in points out of 100, against the same players' other losses at the same rating",-0.44,6994
How much better or worse than usual does a player play during a streak?,Bullet,2000-2199,Game 3 of a losing streak,"Tilt: change in move accuracy, in points out of 100, against the same players' other losses at the same rating",-0.38,6993
How much better or worse than usual does a player play during a streak?,Bullet,2000-2199,Game 5 of a losing streak,"Tilt: change in move accuracy, in points out of 100, against the same players' other losses at the same rating",-0.32,6995
How much better or worse than usual does a player play during a streak?,Bullet,2000-2199,Game 1 of a winning streak,"Hot Streak: change in move accuracy, in points out of 100, against the same players' other wins at the same rating",-0.28,6993
How much better or worse than usual does a player play during a streak?,Bullet,2000-2199,Game 2 of a winning streak,"Hot Streak: change in move accuracy, in points out of 100, against the same players' other wins at the same rating",0.08,6996
How much better or worse than usual does a player play during a streak?,Bullet,2000-2199,Game 3 of a winning streak,"Hot Streak: change in move accuracy, in points out of 100, against the same players' other wins at the same rating",0.32,6997
How much better or worse than usual does a player play during a streak?,Bullet,2000-2199,Game 5 of a winning streak,"Hot Streak: change in move accuracy, in points out of 100, against the same players' other wins at the same rating",0.28,6992
How much better or worse than usual does a player play during a streak?,Bullet,2200-2399,Game 1 of a losing streak,"Tilt: change in move accuracy, in points out of 100, against the same players' other losses at the same rating",0.26,6998
How much better or worse than usual does a player play during a streak?,Bullet,2200-2399,Game 2 of a losing streak,"Tilt: change in move accuracy, in points out of 100, against the same players' other losses at the same rating",-0.02,6999
How much better or worse than usual does a player play during a streak?,Bullet,2200-2399,Game 3 of a losing streak,"Tilt: change in move accuracy, in points out of 100, against the same players' other losses at the same rating",-0.4,6996
How much better or worse than usual does a player play during a streak?,Bullet,2200-2399,Game 5 of a losing streak,"Tilt: change in move accuracy, in points out of 100, against the same players' other losses at the same rating",-0.55,6996
How much better or worse than usual does a player play during a streak?,Bullet,2200-2399,Game 1 of a winning streak,"Hot Streak: change in move accuracy, in points out of 100, against the same players' other wins at the same rating",-0.17,6998
How much better or worse than usual does a player play during a streak?,Bullet,2200-2399,Game 2 of a winning streak,"Hot Streak: change in move accuracy, in points out of 100, against the same players' other wins at the same rating",-0.09,6997
How much better or worse than usual does a player play during a streak?,Bullet,2200-2399,Game 3 of a winning streak,"Hot Streak: change in move accuracy, in points out of 100, against the same players' other wins at the same rating",0.03,6998
How much better or worse than usual does a player play during a streak?,Bullet,2200-2399,Game 5 of a winning streak,"Hot Streak: change in move accuracy, in points out of 100, against the same players' other wins at the same rating",0.11,6995
How much better or worse than usual does a player play during a streak?,Bullet,2400 and up,Game 1 of a losing streak,"Tilt: change in move accuracy, in points out of 100, against the same players' other losses at the same rating",0.4,6999
How much better or worse than usual does a player play during a streak?,Bullet,2400 and up,Game 2 of a losing streak,"Tilt: change in move accuracy, in points out of 100, against the same players' other losses at the same rating",-0.13,6993
How much better or worse than usual does a player play during a streak?,Bullet,2400 and up,Game 3 of a losing streak,"Tilt: change in move accuracy, in points out of 100, against the same players' other losses at the same rating",0.07,6998
How much better or worse than usual does a player play during a streak?,Bullet,2400 and up,Game 5 of a losing streak,"Tilt: change in move accuracy, in points out of 100, against the same players' other losses at the same rating",-0.13,6997
How much better or worse than usual does a player play during a streak?,Bullet,2400 and up,Game 1 of a winning streak,"Hot Streak: change in move accuracy, in points out of 100, against the same players' other wins at the same rating",-0.19,6998
How much better or worse than usual does a player play during a streak?,Bullet,2400 and up,Game 2 of a winning streak,"Hot Streak: change in move accuracy, in points out of 100, against the same players' other wins at the same rating",-0.01,6998
How much better or worse than usual does a player play during a streak?,Bullet,2400 and up,Game 3 of a winning streak,"Hot Streak: change in move accuracy, in points out of 100, against the same players' other wins at the same rating",0.28,6998
How much better or worse than usual does a player play during a streak?,Bullet,2400 and up,Game 5 of a winning streak,"Hot Streak: change in move accuracy, in points out of 100, against the same players' other wins at the same rating",0.5,6996
How much better or worse than usual does a player play during a streak?,Blitz,All ratings,Game 1 of a losing streak,"Tilt: change in move accuracy, in points out of 100, against the same players' other losses at the same rating",0,56968
How much better or worse than usual does a player play during a streak?,Blitz,All ratings,Game 2 of a losing streak,"Tilt: change in move accuracy, in points out of 100, against the same players' other losses at the same rating",-0.25,56964
How much better or worse than usual does a player play during a streak?,Blitz,All ratings,Game 3 of a losing streak,"Tilt: change in move accuracy, in points out of 100, against the same players' other losses at the same rating",-0.31,56962
How much better or worse than usual does a player play during a streak?,Blitz,All ratings,Game 5 of a losing streak,"Tilt: change in move accuracy, in points out of 100, against the same players' other losses at the same rating",-0.36,56929
How much better or worse than usual does a player play during a streak?,Blitz,All ratings,Game 10 of a losing streak,"Tilt: change in move accuracy, in points out of 100, against the same players' other losses at the same rating",-0.32,56716
How much better or worse than usual does a player play during a streak?,Blitz,All ratings,Game 1 of a winning streak,"Hot Streak: change in move accuracy, in points out of 100, against the same players' other wins at the same rating",-0.04,56966
How much better or worse than usual does a player play during a streak?,Blitz,All ratings,Game 2 of a winning streak,"Hot Streak: change in move accuracy, in points out of 100, against the same players' other wins at the same rating",0.1,56972
How much better or worse than usual does a player play during a streak?,Blitz,All ratings,Game 3 of a winning streak,"Hot Streak: change in move accuracy, in points out of 100, against the same players' other wins at the same rating",0.14,56975
How much better or worse than usual does a player play during a streak?,Blitz,All ratings,Game 5 of a winning streak,"Hot Streak: change in move accuracy, in points out of 100, against the same players' other wins at the same rating",0.21,56957
How much better or worse than usual does a player play during a streak?,Blitz,All ratings,Game 10 of a winning streak,"Hot Streak: change in move accuracy, in points out of 100, against the same players' other wins at the same rating",2.12,56779
How much better or worse than usual does a player play during a streak?,Blitz,1200-1399,Game 1 of a losing streak,"Tilt: change in move accuracy, in points out of 100, against the same players' other losses at the same rating",0.05,6996
How much better or worse than usual does a player play during a streak?,Blitz,1200-1399,Game 2 of a losing streak,"Tilt: change in move accuracy, in points out of 100, against the same players' other losses at the same rating",-0.02,6999
How much better or worse than usual does a player play during a streak?,Blitz,1200-1399,Game 3 of a losing streak,"Tilt: change in move accuracy, in points out of 100, against the same players' other losses at the same rating",-0.1,6997
How much better or worse than usual does a player play during a streak?,Blitz,1200-1399,Game 1 of a winning streak,"Hot Streak: change in move accuracy, in points out of 100, against the same players' other wins at the same rating",-0.39,6998
How much better or worse than usual does a player play during a streak?,Blitz,1200-1399,Game 2 of a winning streak,"Hot Streak: change in move accuracy, in points out of 100, against the same players' other wins at the same rating",-0.13,6998
How much better or worse than usual does a player play during a streak?,Blitz,1200-1399,Game 3 of a winning streak,"Hot Streak: change in move accuracy, in points out of 100, against the same players' other wins at the same rating",-0.21,6998
How much better or worse than usual does a player play during a streak?,Blitz,1200-1399,Game 5 of a winning streak,"Hot Streak: change in move accuracy, in points out of 100, against the same players' other wins at the same rating",-0.24,6999
How much better or worse than usual does a player play during a streak?,Blitz,1400-1599,Game 1 of a losing streak,"Tilt: change in move accuracy, in points out of 100, against the same players' other losses at the same rating",-0.15,7000
How much better or worse than usual does a player play during a streak?,Blitz,1400-1599,Game 2 of a losing streak,"Tilt: change in move accuracy, in points out of 100, against the same players' other losses at the same rating",-0.3,6997
How much better or worse than usual does a player play during a streak?,Blitz,1400-1599,Game 3 of a losing streak,"Tilt: change in move accuracy, in points out of 100, against the same players' other losses at the same rating",-0.33,6998
How much better or worse than usual does a player play during a streak?,Blitz,1400-1599,Game 5 of a losing streak,"Tilt: change in move accuracy, in points out of 100, against the same players' other losses at the same rating",-0.12,6995
How much better or worse than usual does a player play during a streak?,Blitz,1400-1599,Game 1 of a winning streak,"Hot Streak: change in move accuracy, in points out of 100, against the same players' other wins at the same rating",0.44,6999
How much better or worse than usual does a player play during a streak?,Blitz,1400-1599,Game 2 of a winning streak,"Hot Streak: change in move accuracy, in points out of 100, against the same players' other wins at the same rating",0.1,6999
How much better or worse than usual does a player play during a streak?,Blitz,1400-1599,Game 3 of a winning streak,"Hot Streak: change in move accuracy, in points out of 100, against the same players' other wins at the same rating",0.42,6999
How much better or worse than usual does a player play during a streak?,Blitz,1400-1599,Game 5 of a winning streak,"Hot Streak: change in move accuracy, in points out of 100, against the same players' other wins at the same rating",0.37,6997
How much better or worse than usual does a player play during a streak?,Blitz,1400-1599,Game 10 of a winning streak,"Hot Streak: change in move accuracy, in points out of 100, against the same players' other wins at the same rating",2.57,6970
How much better or worse than usual does a player play during a streak?,Blitz,1600-1799,Game 1 of a losing streak,"Tilt: change in move accuracy, in points out of 100, against the same players' other losses at the same rating",-0.26,6998
How much better or worse than usual does a player play during a streak?,Blitz,1600-1799,Game 2 of a losing streak,"Tilt: change in move accuracy, in points out of 100, against the same players' other losses at the same rating",-0.23,6997
How much better or worse than usual does a player play during a streak?,Blitz,1600-1799,Game 3 of a losing streak,"Tilt: change in move accuracy, in points out of 100, against the same players' other losses at the same rating",-0.42,6998
How much better or worse than usual does a player play during a streak?,Blitz,1600-1799,Game 5 of a losing streak,"Tilt: change in move accuracy, in points out of 100, against the same players' other losses at the same rating",-0.22,6995
How much better or worse than usual does a player play during a streak?,Blitz,1600-1799,Game 1 of a winning streak,"Hot Streak: change in move accuracy, in points out of 100, against the same players' other wins at the same rating",-0.06,6994
How much better or worse than usual does a player play during a streak?,Blitz,1600-1799,Game 2 of a winning streak,"Hot Streak: change in move accuracy, in points out of 100, against the same players' other wins at the same rating",0.59,6995
How much better or worse than usual does a player play during a streak?,Blitz,1600-1799,Game 3 of a winning streak,"Hot Streak: change in move accuracy, in points out of 100, against the same players' other wins at the same rating",0.38,6997
How much better or worse than usual does a player play during a streak?,Blitz,1600-1799,Game 5 of a winning streak,"Hot Streak: change in move accuracy, in points out of 100, against the same players' other wins at the same rating",0.44,6995
How much better or worse than usual does a player play during a streak?,Blitz,1600-1799,Game 10 of a winning streak,"Hot Streak: change in move accuracy, in points out of 100, against the same players' other wins at the same rating",2.53,6959
How much better or worse than usual does a player play during a streak?,Blitz,1800-1999,Game 1 of a losing streak,"Tilt: change in move accuracy, in points out of 100, against the same players' other losses at the same rating",0.07,6997
How much better or worse than usual does a player play during a streak?,Blitz,1800-1999,Game 2 of a losing streak,"Tilt: change in move accuracy, in points out of 100, against the same players' other losses at the same rating",-0.34,6996
How much better or worse than usual does a player play during a streak?,Blitz,1800-1999,Game 3 of a losing streak,"Tilt: change in move accuracy, in points out of 100, against the same players' other losses at the same rating",-0.42,6995
How much better or worse than usual does a player play during a streak?,Blitz,1800-1999,Game 5 of a losing streak,"Tilt: change in move accuracy, in points out of 100, against the same players' other losses at the same rating",-0.69,6991
How much better or worse than usual does a player play during a streak?,Blitz,1800-1999,Game 1 of a winning streak,"Hot Streak: change in move accuracy, in points out of 100, against the same players' other wins at the same rating",-0.22,6995
How much better or worse than usual does a player play during a streak?,Blitz,1800-1999,Game 2 of a winning streak,"Hot Streak: change in move accuracy, in points out of 100, against the same players' other wins at the same rating",-0.12,6995
How much better or worse than usual does a player play during a streak?,Blitz,1800-1999,Game 3 of a winning streak,"Hot Streak: change in move accuracy, in points out of 100, against the same players' other wins at the same rating",-0.05,6997
How much better or worse than usual does a player play during a streak?,Blitz,1800-1999,Game 5 of a winning streak,"Hot Streak: change in move accuracy, in points out of 100, against the same players' other wins at the same rating",0.14,6994
How much better or worse than usual does a player play during a streak?,Blitz,1800-1999,Game 10 of a winning streak,"Hot Streak: change in move accuracy, in points out of 100, against the same players' other wins at the same rating",2.05,6986
How much better or worse than usual does a player play during a streak?,Blitz,2000-2199,Game 1 of a losing streak,"Tilt: change in move accuracy, in points out of 100, against the same players' other losses at the same rating",0.53,6996
How much better or worse than usual does a player play during a streak?,Blitz,2000-2199,Game 2 of a losing streak,"Tilt: change in move accuracy, in points out of 100, against the same players' other losses at the same rating",-0.14,6992
How much better or worse than usual does a player play during a streak?,Blitz,2000-2199,Game 3 of a losing streak,"Tilt: change in move accuracy, in points out of 100, against the same players' other losses at the same rating",-0.22,6989
How much better or worse than usual does a player play during a streak?,Blitz,2000-2199,Game 5 of a losing streak,"Tilt: change in move accuracy, in points out of 100, against the same players' other losses at the same rating",-0.35,6987
How much better or worse than usual does a player play during a streak?,Blitz,2000-2199,Game 10 of a losing streak,"Tilt: change in move accuracy, in points out of 100, against the same players' other losses at the same rating",-0.91,6937
How much better or worse than usual does a player play during a streak?,Blitz,2000-2199,Game 1 of a winning streak,"Hot Streak: change in move accuracy, in points out of 100, against the same players' other wins at the same rating",-0.15,6993
How much better or worse than usual does a player play during a streak?,Blitz,2000-2199,Game 2 of a winning streak,"Hot Streak: change in move accuracy, in points out of 100, against the same players' other wins at the same rating",0.33,6992
How much better or worse than usual does a player play during a streak?,Blitz,2000-2199,Game 3 of a winning streak,"Hot Streak: change in move accuracy, in points out of 100, against the same players' other wins at the same rating",0.13,6995
How much better or worse than usual does a player play during a streak?,Blitz,2000-2199,Game 5 of a winning streak,"Hot Streak: change in move accuracy, in points out of 100, against the same players' other wins at the same rating",0.23,6994
How much better or worse than usual does a player play during a streak?,Blitz,2000-2199,Game 10 of a winning streak,"Hot Streak: change in move accuracy, in points out of 100, against the same players' other wins at the same rating",2.02,6983
How much better or worse than usual does a player play during a streak?,Blitz,2200-2399,Game 1 of a losing streak,"Tilt: change in move accuracy, in points out of 100, against the same players' other losses at the same rating",-0.07,6997
How much better or worse than usual does a player play during a streak?,Blitz,2200-2399,Game 2 of a losing streak,"Tilt: change in move accuracy, in points out of 100, against the same players' other losses at the same rating",-0.32,6997
How much better or worse than usual does a player play during a streak?,Blitz,2200-2399,Game 3 of a losing streak,"Tilt: change in move accuracy, in points out of 100, against the same players' other losses at the same rating",-0.32,6994
How much better or worse than usual does a player play during a streak?,Blitz,2200-2399,Game 5 of a losing streak,"Tilt: change in move accuracy, in points out of 100, against the same players' other losses at the same rating",-0.42,6994
How much better or worse than usual does a player play during a streak?,Blitz,2200-2399,Game 1 of a winning streak,"Hot Streak: change in move accuracy, in points out of 100, against the same players' other wins at the same rating",-0.07,6995
How much better or worse than usual does a player play during a streak?,Blitz,2200-2399,Game 2 of a winning streak,"Hot Streak: change in move accuracy, in points out of 100, against the same players' other wins at the same rating",0.12,6999
How much better or worse than usual does a player play during a streak?,Blitz,2200-2399,Game 3 of a winning streak,"Hot Streak: change in move accuracy, in points out of 100, against the same players' other wins at the same rating",0.2,6994
How much better or worse than usual does a player play during a streak?,Blitz,2200-2399,Game 5 of a winning streak,"Hot Streak: change in move accuracy, in points out of 100, against the same players' other wins at the same rating",0.17,6992
How much better or worse than usual does a player play during a streak?,Blitz,2200-2399,Game 10 of a winning streak,"Hot Streak: change in move accuracy, in points out of 100, against the same players' other wins at the same rating",1.6,6987
How much better or worse than usual does a player play during a streak?,Blitz,2400 and up,Game 1 of a losing streak,"Tilt: change in move accuracy, in points out of 100, against the same players' other losses at the same rating",0.05,6996
How much better or worse than usual does a player play during a streak?,Blitz,2400 and up,Game 2 of a losing streak,"Tilt: change in move accuracy, in points out of 100, against the same players' other losses at the same rating",-0.24,6993
How much better or worse than usual does a player play during a streak?,Blitz,2400 and up,Game 3 of a losing streak,"Tilt: change in move accuracy, in points out of 100, against the same players' other losses at the same rating",-0.24,6998
How much better or worse than usual does a player play during a streak?,Blitz,2400 and up,Game 5 of a losing streak,"Tilt: change in move accuracy, in points out of 100, against the same players' other losses at the same rating",-0.44,6997
How much better or worse than usual does a player play during a streak?,Blitz,2400 and up,Game 1 of a winning streak,"Hot Streak: change in move accuracy, in points out of 100, against the same players' other wins at the same rating",-0.18,6995
How much better or worse than usual does a player play during a streak?,Blitz,2400 and up,Game 2 of a winning streak,"Hot Streak: change in move accuracy, in points out of 100, against the same players' other wins at the same rating",0.25,6995
How much better or worse than usual does a player play during a streak?,Blitz,2400 and up,Game 3 of a winning streak,"Hot Streak: change in move accuracy, in points out of 100, against the same players' other wins at the same rating",0.2,7000
How much better or worse than usual does a player play during a streak?,Blitz,2400 and up,Game 5 of a winning streak,"Hot Streak: change in move accuracy, in points out of 100, against the same players' other wins at the same rating",0.34,6998
How much better or worse than usual does a player play during a streak?,Blitz,2400 and up,Game 10 of a winning streak,"Hot Streak: change in move accuracy, in points out of 100, against the same players' other wins at the same rating",1.07,6992
How much better or worse than usual does a player play during a streak?,Rapid,All ratings,Game 1 of a losing streak,"Tilt: change in move accuracy, in points out of 100, against the same players' other losses at the same rating",0.21,56945
How much better or worse than usual does a player play during a streak?,Rapid,All ratings,Game 2 of a losing streak,"Tilt: change in move accuracy, in points out of 100, against the same players' other losses at the same rating",-0.23,56947
How much better or worse than usual does a player play during a streak?,Rapid,All ratings,Game 3 of a losing streak,"Tilt: change in move accuracy, in points out of 100, against the same players' other losses at the same rating",-0.14,56947
How much better or worse than usual does a player play during a streak?,Rapid,All ratings,Game 5 of a losing streak,"Tilt: change in move accuracy, in points out of 100, against the same players' other losses at the same rating",0.01,52962
How much better or worse than usual does a player play during a streak?,Rapid,All ratings,Game 1 of a winning streak,"Hot Streak: change in move accuracy, in points out of 100, against the same players' other wins at the same rating",-0.12,56952
How much better or worse than usual does a player play during a streak?,Rapid,All ratings,Game 2 of a winning streak,"Hot Streak: change in move accuracy, in points out of 100, against the same players' other wins at the same rating",0.15,56961
How much better or worse than usual does a player play during a streak?,Rapid,All ratings,Game 3 of a winning streak,"Hot Streak: change in move accuracy, in points out of 100, against the same players' other wins at the same rating",0.33,56965
How much better or worse than usual does a player play during a streak?,Rapid,All ratings,Game 5 of a winning streak,"Hot Streak: change in move accuracy, in points out of 100, against the same players' other wins at the same rating",0.56,56968
How much better or worse than usual does a player play during a streak?,Rapid,All ratings,Game 10 of a winning streak,"Hot Streak: change in move accuracy, in points out of 100, against the same players' other wins at the same rating",3.67,56845
How much better or worse than usual does a player play during a streak?,Rapid,1200-1399,Game 1 of a winning streak,"Hot Streak: change in move accuracy, in points out of 100, against the same players' other wins at the same rating",0.15,6992
How much better or worse than usual does a player play during a streak?,Rapid,1200-1399,Game 2 of a winning streak,"Hot Streak: change in move accuracy, in points out of 100, against the same players' other wins at the same rating",0.13,6997
How much better or worse than usual does a player play during a streak?,Rapid,1200-1399,Game 3 of a winning streak,"Hot Streak: change in move accuracy, in points out of 100, against the same players' other wins at the same rating",0.27,6997
How much better or worse than usual does a player play during a streak?,Rapid,1200-1399,Game 5 of a winning streak,"Hot Streak: change in move accuracy, in points out of 100, against the same players' other wins at the same rating",0.42,6999
How much better or worse than usual does a player play during a streak?,Rapid,1400-1599,Game 1 of a losing streak,"Tilt: change in move accuracy, in points out of 100, against the same players' other losses at the same rating",-0.04,6994
How much better or worse than usual does a player play during a streak?,Rapid,1400-1599,Game 2 of a losing streak,"Tilt: change in move accuracy, in points out of 100, against the same players' other losses at the same rating",-0.46,6994
How much better or worse than usual does a player play during a streak?,Rapid,1400-1599,Game 3 of a losing streak,"Tilt: change in move accuracy, in points out of 100, against the same players' other losses at the same rating",-0.45,6997
How much better or worse than usual does a player play during a streak?,Rapid,1400-1599,Game 5 of a losing streak,"Tilt: change in move accuracy, in points out of 100, against the same players' other losses at the same rating",-0.47,6995
How much better or worse than usual does a player play during a streak?,Rapid,1400-1599,Game 1 of a winning streak,"Hot Streak: change in move accuracy, in points out of 100, against the same players' other wins at the same rating",-0.47,6997
How much better or worse than usual does a player play during a streak?,Rapid,1400-1599,Game 2 of a winning streak,"Hot Streak: change in move accuracy, in points out of 100, against the same players' other wins at the same rating",0.19,6995
How much better or worse than usual does a player play during a streak?,Rapid,1400-1599,Game 3 of a winning streak,"Hot Streak: change in move accuracy, in points out of 100, against the same players' other wins at the same rating",0.42,6998
How much better or worse than usual does a player play during a streak?,Rapid,1400-1599,Game 5 of a winning streak,"Hot Streak: change in move accuracy, in points out of 100, against the same players' other wins at the same rating",0.36,6999
How much better or worse than usual does a player play during a streak?,Rapid,1400-1599,Game 10 of a winning streak,"Hot Streak: change in move accuracy, in points out of 100, against the same players' other wins at the same rating",3.27,6999
How much better or worse than usual does a player play during a streak?,Rapid,1600-1799,Game 1 of a losing streak,"Tilt: change in move accuracy, in points out of 100, against the same players' other losses at the same rating",0.4,6998
How much better or worse than usual does a player play during a streak?,Rapid,1600-1799,Game 2 of a losing streak,"Tilt: change in move accuracy, in points out of 100, against the same players' other losses at the same rating",0.06,6993
How much better or worse than usual does a player play during a streak?,Rapid,1600-1799,Game 3 of a losing streak,"Tilt: change in move accuracy, in points out of 100, against the same players' other losses at the same rating",-0.07,6998
How much better or worse than usual does a player play during a streak?,Rapid,1600-1799,Game 5 of a losing streak,"Tilt: change in move accuracy, in points out of 100, against the same players' other losses at the same rating",0.12,6994
How much better or worse than usual does a player play during a streak?,Rapid,1600-1799,Game 1 of a winning streak,"Hot Streak: change in move accuracy, in points out of 100, against the same players' other wins at the same rating",-0.37,6993
How much better or worse than usual does a player play during a streak?,Rapid,1600-1799,Game 2 of a winning streak,"Hot Streak: change in move accuracy, in points out of 100, against the same players' other wins at the same rating",-0.11,6997
How much better or worse than usual does a player play during a streak?,Rapid,1600-1799,Game 3 of a winning streak,"Hot Streak: change in move accuracy, in points out of 100, against the same players' other wins at the same rating",-0.01,6993
How much better or worse than usual does a player play during a streak?,Rapid,1600-1799,Game 5 of a winning streak,"Hot Streak: change in move accuracy, in points out of 100, against the same players' other wins at the same rating",0.49,6991
How much better or worse than usual does a player play during a streak?,Rapid,1800-1999,Game 1 of a losing streak,"Tilt: change in move accuracy, in points out of 100, against the same players' other losses at the same rating",0.2,6994
How much better or worse than usual does a player play during a streak?,Rapid,1800-1999,Game 2 of a losing streak,"Tilt: change in move accuracy, in points out of 100, against the same players' other losses at the same rating",-0.26,6997
How much better or worse than usual does a player play during a streak?,Rapid,1800-1999,Game 3 of a losing streak,"Tilt: change in move accuracy, in points out of 100, against the same players' other losses at the same rating",-0.14,6995
How much better or worse than usual does a player play during a streak?,Rapid,1800-1999,Game 5 of a losing streak,"Tilt: change in move accuracy, in points out of 100, against the same players' other losses at the same rating",-0.07,6994
How much better or worse than usual does a player play during a streak?,Rapid,1800-1999,Game 1 of a winning streak,"Hot Streak: change in move accuracy, in points out of 100, against the same players' other wins at the same rating",-0.12,6995
How much better or worse than usual does a player play during a streak?,Rapid,1800-1999,Game 2 of a winning streak,"Hot Streak: change in move accuracy, in points out of 100, against the same players' other wins at the same rating",-0.07,6996
How much better or worse than usual does a player play during a streak?,Rapid,1800-1999,Game 3 of a winning streak,"Hot Streak: change in move accuracy, in points out of 100, against the same players' other wins at the same rating",0.12,6996
How much better or worse than usual does a player play during a streak?,Rapid,1800-1999,Game 5 of a winning streak,"Hot Streak: change in move accuracy, in points out of 100, against the same players' other wins at the same rating",0.53,6998
How much better or worse than usual does a player play during a streak?,Rapid,1800-1999,Game 10 of a winning streak,"Hot Streak: change in move accuracy, in points out of 100, against the same players' other wins at the same rating",3.29,6998
How much better or worse than usual does a player play during a streak?,Rapid,2000-2199,Game 1 of a losing streak,"Tilt: change in move accuracy, in points out of 100, against the same players' other losses at the same rating",0.08,6993
How much better or worse than usual does a player play during a streak?,Rapid,2000-2199,Game 2 of a losing streak,"Tilt: change in move accuracy, in points out of 100, against the same players' other losses at the same rating",-0.08,6996
How much better or worse than usual does a player play during a streak?,Rapid,2000-2199,Game 3 of a losing streak,"Tilt: change in move accuracy, in points out of 100, against the same players' other losses at the same rating",-0.28,6994
How much better or worse than usual does a player play during a streak?,Rapid,2000-2199,Game 5 of a losing streak,"Tilt: change in move accuracy, in points out of 100, against the same players' other losses at the same rating",-0.28,6993
How much better or worse than usual does a player play during a streak?,Rapid,2000-2199,Game 1 of a winning streak,"Hot Streak: change in move accuracy, in points out of 100, against the same players' other wins at the same rating",-0.19,6996
How much better or worse than usual does a player play during a streak?,Rapid,2000-2199,Game 2 of a winning streak,"Hot Streak: change in move accuracy, in points out of 100, against the same players' other wins at the same rating",0.21,6995
How much better or worse than usual does a player play during a streak?,Rapid,2000-2199,Game 3 of a winning streak,"Hot Streak: change in move accuracy, in points out of 100, against the same players' other wins at the same rating",0.36,6996
How much better or worse than usual does a player play during a streak?,Rapid,2000-2199,Game 5 of a winning streak,"Hot Streak: change in move accuracy, in points out of 100, against the same players' other wins at the same rating",0.63,6997
How much better or worse than usual does a player play during a streak?,Rapid,2000-2199,Game 10 of a winning streak,"Hot Streak: change in move accuracy, in points out of 100, against the same players' other wins at the same rating",3.99,6998
How much better or worse than usual does a player play during a streak?,Rapid,2200-2399,Game 1 of a losing streak,"Tilt: change in move accuracy, in points out of 100, against the same players' other losses at the same rating",0.09,6987
How much better or worse than usual does a player play during a streak?,Rapid,2200-2399,Game 2 of a losing streak,"Tilt: change in move accuracy, in points out of 100, against the same players' other losses at the same rating",0.01,6991
How much better or worse than usual does a player play during a streak?,Rapid,2200-2399,Game 3 of a losing streak,"Tilt: change in move accuracy, in points out of 100, against the same players' other losses at the same rating",-0.22,6994
How much better or worse than usual does a player play during a streak?,Rapid,2200-2399,Game 5 of a losing streak,"Tilt: change in move accuracy, in points out of 100, against the same players' other losses at the same rating",-0.2,6986
How much better or worse than usual does a player play during a streak?,Rapid,2200-2399,Game 1 of a winning streak,"Hot Streak: change in move accuracy, in points out of 100, against the same players' other wins at the same rating",-0.14,6994
How much better or worse than usual does a player play during a streak?,Rapid,2200-2399,Game 2 of a winning streak,"Hot Streak: change in move accuracy, in points out of 100, against the same players' other wins at the same rating",0.09,6994
How much better or worse than usual does a player play during a streak?,Rapid,2200-2399,Game 3 of a winning streak,"Hot Streak: change in move accuracy, in points out of 100, against the same players' other wins at the same rating",0.18,6997
How much better or worse than usual does a player play during a streak?,Rapid,2200-2399,Game 5 of a winning streak,"Hot Streak: change in move accuracy, in points out of 100, against the same players' other wins at the same rating",0.94,6997
How much better or worse than usual does a player play during a streak?,Rapid,2200-2399,Game 10 of a winning streak,"Hot Streak: change in move accuracy, in points out of 100, against the same players' other wins at the same rating",3.82,6995
How has the win rate after a streak changed?,Summary,All ratings,After 1 win,"After 1 Win: win rate in the next game in 2013, a draw counting as half a win (%)",51.92,1379850
How has the win rate after a streak changed?,Summary,All ratings,After 1 win,"After 1 Win: win rate in the next game in 2014, a draw counting as half a win (%)",51.42,4461391
How has the win rate after a streak changed?,Summary,All ratings,After 1 win,"After 1 Win: win rate in the next game in 2015, a draw counting as half a win (%)",51.33,10273268
How has the win rate after a streak changed?,Summary,All ratings,After 1 win,"After 1 Win: win rate in the next game in 2016, a draw counting as half a win (%)",51.17,27203109
How has the win rate after a streak changed?,Summary,All ratings,After 1 win,"After 1 Win: win rate in the next game in 2017, a draw counting as half a win (%)",50.91,54485660
How has the win rate after a streak changed?,Summary,All ratings,After 1 win,"After 1 Win: win rate in the next game in 2018, a draw counting as half a win (%)",50.71,103911391
How has the win rate after a streak changed?,Summary,All ratings,After 1 win,"After 1 Win: win rate in the next game in 2019, a draw counting as half a win (%)",50.56,180094443
How has the win rate after a streak changed?,Summary,All ratings,After 1 win,"After 1 Win: win rate in the next game in 2020, a draw counting as half a win (%)",50.48,312562322
How has the win rate after a streak changed?,Summary,All ratings,After 1 win,"After 1 Win: win rate in the next game in 2021, a draw counting as half a win (%)",50.43,457159758
How has the win rate after a streak changed?,Summary,All ratings,After 1 win,"After 1 Win: win rate in the next game in 2022, a draw counting as half a win (%)",50.39,460340738
How has the win rate after a streak changed?,Summary,All ratings,After 1 win,"After 1 Win: win rate in the next game in 2023, a draw counting as half a win (%)",50.42,501644487
How has the win rate after a streak changed?,Summary,All ratings,After 1 win,"After 1 Win: win rate in the next game in 2024, a draw counting as half a win (%)",50.38,472443240
How has the win rate after a streak changed?,Summary,All ratings,After 1 win,"After 1 Win: win rate in the next game in 2025, a draw counting as half a win (%)",50.37,472492389
How has the win rate after a streak changed?,Summary,All ratings,After 1 win,"After 1 Win: win rate in the next game in 2026, a draw counting as half a win (%)",50.39,304119549
How has the win rate after a streak changed?,Summary,All ratings,After 1 loss,"After 1 Loss: win rate in the next game in 2013, a draw counting as half a win (%)",48.3,1382544
How has the win rate after a streak changed?,Summary,All ratings,After 1 loss,"After 1 Loss: win rate in the next game in 2014, a draw counting as half a win (%)",48.68,4465160
How has the win rate after a streak changed?,Summary,All ratings,After 1 loss,"After 1 Loss: win rate in the next game in 2015, a draw counting as half a win (%)",48.66,10283882
How has the win rate after a streak changed?,Summary,All ratings,After 1 loss,"After 1 Loss: win rate in the next game in 2016, a draw counting as half a win (%)",48.77,27227229
How has the win rate after a streak changed?,Summary,All ratings,After 1 loss,"After 1 Loss: win rate in the next game in 2017, a draw counting as half a win (%)",49.17,54540091
How has the win rate after a streak changed?,Summary,All ratings,After 1 loss,"After 1 Loss: win rate in the next game in 2018, a draw counting as half a win (%)",49.46,104031252
How has the win rate after a streak changed?,Summary,All ratings,After 1 loss,"After 1 Loss: win rate in the next game in 2019, a draw counting as half a win (%)",49.59,180251716
How has the win rate after a streak changed?,Summary,All ratings,After 1 loss,"After 1 Loss: win rate in the next game in 2020, a draw counting as half a win (%)",49.69,312944824
How has the win rate after a streak changed?,Summary,All ratings,After 1 loss,"After 1 Loss: win rate in the next game in 2021, a draw counting as half a win (%)",49.75,457676938
How has the win rate after a streak changed?,Summary,All ratings,After 1 loss,"After 1 Loss: win rate in the next game in 2022, a draw counting as half a win (%)",49.72,460702112
How has the win rate after a streak changed?,Summary,All ratings,After 1 loss,"After 1 Loss: win rate in the next game in 2023, a draw counting as half a win (%)",49.72,502105112
How has the win rate after a streak changed?,Summary,All ratings,After 1 loss,"After 1 Loss: win rate in the next game in 2024, a draw counting as half a win (%)",49.7,472748011
How has the win rate after a streak changed?,Summary,All ratings,After 1 loss,"After 1 Loss: win rate in the next game in 2025, a draw counting as half a win (%)",49.71,472780176
How has the win rate after a streak changed?,Summary,All ratings,After 1 loss,"After 1 Loss: win rate in the next game in 2026, a draw counting as half a win (%)",49.73,304296835
How has the win rate after a streak changed?,Summary,All ratings,After 2 wins,"After 2 Wins: win rate in the next game in 2013, a draw counting as half a win (%)",55.58,714662
How has the win rate after a streak changed?,Summary,All ratings,After 2 wins,"After 2 Wins: win rate in the next game in 2014, a draw counting as half a win (%)",54.9,2290947
How has the win rate after a streak changed?,Summary,All ratings,After 2 wins,"After 2 Wins: win rate in the next game in 2015, a draw counting as half a win (%)",54.96,5266941
How has the win rate after a streak changed?,Summary,All ratings,After 2 wins,"After 2 Wins: win rate in the next game in 2016, a draw counting as half a win (%)",54.61,13906140
How has the win rate after a streak changed?,Summary,All ratings,After 2 wins,"After 2 Wins: win rate in the next game in 2017, a draw counting as half a win (%)",52.89,27722498
How has the win rate after a streak changed?,Summary,All ratings,After 2 wins,"After 2 Wins: win rate in the next game in 2018, a draw counting as half a win (%)",52.01,52676297
How has the win rate after a streak changed?,Summary,All ratings,After 2 wins,"After 2 Wins: win rate in the next game in 2019, a draw counting as half a win (%)",51.6,91052739
How has the win rate after a streak changed?,Summary,All ratings,After 2 wins,"After 2 Wins: win rate in the next game in 2020, a draw counting as half a win (%)",51.45,157724729
How has the win rate after a streak changed?,Summary,All ratings,After 2 wins,"After 2 Wins: win rate in the next game in 2021, a draw counting as half a win (%)",51.21,230492296
How has the win rate after a streak changed?,Summary,All ratings,After 2 wins,"After 2 Wins: win rate in the next game in 2022, a draw counting as half a win (%)",51.12,231981533
How has the win rate after a streak changed?,Summary,All ratings,After 2 wins,"After 2 Wins: win rate in the next game in 2023, a draw counting as half a win (%)",51.14,252932700
How has the win rate after a streak changed?,Summary,All ratings,After 2 wins,"After 2 Wins: win rate in the next game in 2024, a draw counting as half a win (%)",51.01,238017929
How has the win rate after a streak changed?,Summary,All ratings,After 2 wins,"After 2 Wins: win rate in the next game in 2025, a draw counting as half a win (%)",50.99,238009135
How has the win rate after a streak changed?,Summary,All ratings,After 2 wins,"After 2 Wins: win rate in the next game in 2026, a draw counting as half a win (%)",51.02,153256499
How has the win rate after a streak changed?,Summary,All ratings,After 2 losses,"After 2 Losses: win rate in the next game in 2013, a draw counting as half a win (%)",44.75,710442
How has the win rate after a streak changed?,Summary,All ratings,After 2 losses,"After 2 Losses: win rate in the next game in 2014, a draw counting as half a win (%)",45.09,2282306
How has the win rate after a streak changed?,Summary,All ratings,After 2 losses,"After 2 Losses: win rate in the next game in 2015, a draw counting as half a win (%)",45.02,5262625
How has the win rate after a streak changed?,Summary,All ratings,After 2 losses,"After 2 Losses: win rate in the next game in 2016, a draw counting as half a win (%)",45.33,13911464
How has the win rate after a streak changed?,Summary,All ratings,After 2 losses,"After 2 Losses: win rate in the next game in 2017, a draw counting as half a win (%)",47.16,27663106
How has the win rate after a streak changed?,Summary,All ratings,After 2 losses,"After 2 Losses: win rate in the next game in 2018, a draw counting as half a win (%)",48.13,52479326
How has the win rate after a streak changed?,Summary,All ratings,After 2 losses,"After 2 Losses: win rate in the next game in 2019, a draw counting as half a win (%)",48.5,90730096
How has the win rate after a streak changed?,Summary,All ratings,After 2 losses,"After 2 Losses: win rate in the next game in 2020, a draw counting as half a win (%)",48.65,157143129
How has the win rate after a streak changed?,Summary,All ratings,After 2 losses,"After 2 Losses: win rate in the next game in 2021, a draw counting as half a win (%)",48.87,229614496
How has the win rate after a streak changed?,Summary,All ratings,After 2 losses,"After 2 Losses: win rate in the next game in 2022, a draw counting as half a win (%)",48.93,231331592
How has the win rate after a streak changed?,Summary,All ratings,After 2 losses,"After 2 Losses: win rate in the next game in 2023, a draw counting as half a win (%)",48.94,252133219
How has the win rate after a streak changed?,Summary,All ratings,After 2 losses,"After 2 Losses: win rate in the next game in 2024, a draw counting as half a win (%)",49.03,237512250
How has the win rate after a streak changed?,Summary,All ratings,After 2 losses,"After 2 Losses: win rate in the next game in 2025, a draw counting as half a win (%)",49.04,237492864
How has the win rate after a streak changed?,Summary,All ratings,After 2 losses,"After 2 Losses: win rate in the next game in 2026, a draw counting as half a win (%)",49.05,152816505
How has the win rate after a streak changed?,Summary,All ratings,After 3 wins,"After 3 Wins: win rate in the next game in 2013, a draw counting as half a win (%)",58.08,396550
How has the win rate after a streak changed?,Summary,All ratings,After 3 wins,"After 3 Wins: win rate in the next game in 2014, a draw counting as half a win (%)",57.47,1257805
How has the win rate after a streak changed?,Summary,All ratings,After 3 wins,"After 3 Wins: win rate in the next game in 2015, a draw counting as half a win (%)",57.59,2895970
How has the win rate after a streak changed?,Summary,All ratings,After 3 wins,"After 3 Wins: win rate in the next game in 2016, a draw counting as half a win (%)",57.16,7600849
How has the win rate after a streak changed?,Summary,All ratings,After 3 wins,"After 3 Wins: win rate in the next game in 2017, a draw counting as half a win (%)",54.34,14671974
How has the win rate after a streak changed?,Summary,All ratings,After 3 wins,"After 3 Wins: win rate in the next game in 2018, a draw counting as half a win (%)",52.91,27406825
How has the win rate after a streak changed?,Summary,All ratings,After 3 wins,"After 3 Wins: win rate in the next game in 2019, a draw counting as half a win (%)",52.35,47011341
How has the win rate after a streak changed?,Summary,All ratings,After 3 wins,"After 3 Wins: win rate in the next game in 2020, a draw counting as half a win (%)",52.22,81172812
How has the win rate after a streak changed?,Summary,All ratings,After 3 wins,"After 3 Wins: win rate in the next game in 2021, a draw counting as half a win (%)",51.85,118083198
How has the win rate after a streak changed?,Summary,All ratings,After 3 wins,"After 3 Wins: win rate in the next game in 2022, a draw counting as half a win (%)",51.69,118642390
How has the win rate after a streak changed?,Summary,All ratings,After 3 wins,"After 3 Wins: win rate in the next game in 2023, a draw counting as half a win (%)",51.69,129398795
How has the win rate after a streak changed?,Summary,All ratings,After 3 wins,"After 3 Wins: win rate in the next game in 2024, a draw counting as half a win (%)",51.49,121464685
How has the win rate after a streak changed?,Summary,All ratings,After 3 wins,"After 3 Wins: win rate in the next game in 2025, a draw counting as half a win (%)",51.46,121409217
How has the win rate after a streak changed?,Summary,All ratings,After 3 wins,"After 3 Wins: win rate in the next game in 2026, a draw counting as half a win (%)",51.5,78225988
How has the win rate after a streak changed?,Summary,All ratings,After 3 losses,"After 3 Losses: win rate in the next game in 2013, a draw counting as half a win (%)",42.3,390363
How has the win rate after a streak changed?,Summary,All ratings,After 3 losses,"After 3 Losses: win rate in the next game in 2014, a draw counting as half a win (%)",42.51,1249550
How has the win rate after a streak changed?,Summary,All ratings,After 3 losses,"After 3 Losses: win rate in the next game in 2015, a draw counting as half a win (%)",42.37,2888678
How has the win rate after a streak changed?,Summary,All ratings,After 3 losses,"After 3 Losses: win rate in the next game in 2016, a draw counting as half a win (%)",42.74,7595210
How has the win rate after a streak changed?,Summary,All ratings,After 3 losses,"After 3 Losses: win rate in the next game in 2017, a draw counting as half a win (%)",45.65,14594450
How has the win rate after a streak changed?,Summary,All ratings,After 3 losses,"After 3 Losses: win rate in the next game in 2018, a draw counting as half a win (%)",47.09,27173267
How has the win rate after a streak changed?,Summary,All ratings,After 3 losses,"After 3 Losses: win rate in the next game in 2019, a draw counting as half a win (%)",47.63,46670235
How has the win rate after a streak changed?,Summary,All ratings,After 3 losses,"After 3 Losses: win rate in the next game in 2020, a draw counting as half a win (%)",47.79,80557239
How has the win rate after a streak changed?,Summary,All ratings,After 3 losses,"After 3 Losses: win rate in the next game in 2021, a draw counting as half a win (%)",48.16,117237735
How has the win rate after a streak changed?,Summary,All ratings,After 3 losses,"After 3 Losses: win rate in the next game in 2022, a draw counting as half a win (%)",48.31,118011655
How has the win rate after a streak changed?,Summary,All ratings,After 3 losses,"After 3 Losses: win rate in the next game in 2023, a draw counting as half a win (%)",48.34,128585436
How has the win rate after a streak changed?,Summary,All ratings,After 3 losses,"After 3 Losses: win rate in the next game in 2024, a draw counting as half a win (%)",48.53,120953169
How has the win rate after a streak changed?,Summary,All ratings,After 3 losses,"After 3 Losses: win rate in the next game in 2025, a draw counting as half a win (%)",48.55,120903738
How has the win rate after a streak changed?,Summary,All ratings,After 3 losses,"After 3 Losses: win rate in the next game in 2026, a draw counting as half a win (%)",48.54,77795027
How has the win rate after a streak changed?,Summary,All ratings,After 4 wins,"After 4 Wins: win rate in the next game in 2013, a draw counting as half a win (%)",60.48,230069
How has the win rate after a streak changed?,Summary,All ratings,After 4 wins,"After 4 Wins: win rate in the next game in 2014, a draw counting as half a win (%)",60,723824
How has the win rate after a streak changed?,Summary,All ratings,After 4 wins,"After 4 Wins: win rate in the next game in 2015, a draw counting as half a win (%)",59.98,1670851
How has the win rate after a streak changed?,Summary,All ratings,After 4 wins,"After 4 Wins: win rate in the next game in 2016, a draw counting as half a win (%)",59.51,4353897
How has the win rate after a streak changed?,Summary,All ratings,After 4 wins,"After 4 Wins: win rate in the next game in 2017, a draw counting as half a win (%)",55.8,7984636
How has the win rate after a streak changed?,Summary,All ratings,After 4 wins,"After 4 Wins: win rate in the next game in 2018, a draw counting as half a win (%)",53.91,14513994
How has the win rate after a streak changed?,Summary,All ratings,After 4 wins,"After 4 Wins: win rate in the next game in 2019, a draw counting as half a win (%)",53.19,24634142
How has the win rate after a streak changed?,Summary,All ratings,After 4 wins,"After 4 Wins: win rate in the next game in 2020, a draw counting as half a win (%)",53.07,42422535
How has the win rate after a streak changed?,Summary,All ratings,After 4 wins,"After 4 Wins: win rate in the next game in 2021, a draw counting as half a win (%)",52.57,61274840
How has the win rate after a streak changed?,Summary,All ratings,After 4 wins,"After 4 Wins: win rate in the next game in 2022, a draw counting as half a win (%)",52.31,61377650
How has the win rate after a streak changed?,Summary,All ratings,After 4 wins,"After 4 Wins: win rate in the next game in 2023, a draw counting as half a win (%)",52.28,66930905
How has the win rate after a streak changed?,Summary,All ratings,After 4 wins,"After 4 Wins: win rate in the next game in 2024, a draw counting as half a win (%)",51.97,62581069
How has the win rate after a streak changed?,Summary,All ratings,After 4 wins,"After 4 Wins: win rate in the next game in 2025, a draw counting as half a win (%)",51.97,62513418
How has the win rate after a streak changed?,Summary,All ratings,After 4 wins,"After 4 Wins: win rate in the next game in 2026, a draw counting as half a win (%)",51.98,40313485
How has the win rate after a streak changed?,Summary,All ratings,After 4 losses,"After 4 Losses: win rate in the next game in 2013, a draw counting as half a win (%)",39.84,223724
How has the win rate after a streak changed?,Summary,All ratings,After 4 losses,"After 4 Losses: win rate in the next game in 2014, a draw counting as half a win (%)",40.26,716304
How has the win rate after a streak changed?,Summary,All ratings,After 4 losses,"After 4 Losses: win rate in the next game in 2015, a draw counting as half a win (%)",39.98,1663000
How has the win rate after a streak changed?,Summary,All ratings,After 4 losses,"After 4 Losses: win rate in the next game in 2016, a draw counting as half a win (%)",40.38,4347856
How has the win rate after a streak changed?,Summary,All ratings,After 4 losses,"After 4 Losses: win rate in the next game in 2017, a draw counting as half a win (%)",44.05,7924735
How has the win rate after a streak changed?,Summary,All ratings,After 4 losses,"After 4 Losses: win rate in the next game in 2018, a draw counting as half a win (%)",45.94,14353986
How has the win rate after a streak changed?,Summary,All ratings,After 4 losses,"After 4 Losses: win rate in the next game in 2019, a draw counting as half a win (%)",46.68,24413847
How has the win rate after a streak changed?,Summary,All ratings,After 4 losses,"After 4 Losses: win rate in the next game in 2020, a draw counting as half a win (%)",46.84,41988195
How has the win rate after a streak changed?,Summary,All ratings,After 4 losses,"After 4 Losses: win rate in the next game in 2021, a draw counting as half a win (%)",47.41,60684112
How has the win rate after a streak changed?,Summary,All ratings,After 4 losses,"After 4 Losses: win rate in the next game in 2022, a draw counting as half a win (%)",47.64,60936183
How has the win rate after a streak changed?,Summary,All ratings,After 4 losses,"After 4 Losses: win rate in the next game in 2023, a draw counting as half a win (%)",47.7,66354496
How has the win rate after a streak changed?,Summary,All ratings,After 4 losses,"After 4 Losses: win rate in the next game in 2024, a draw counting as half a win (%)",48,62205516
How has the win rate after a streak changed?,Summary,All ratings,After 4 losses,"After 4 Losses: win rate in the next game in 2025, a draw counting as half a win (%)",48.03,62150096
How has the win rate after a streak changed?,Summary,All ratings,After 4 losses,"After 4 Losses: win rate in the next game in 2026, a draw counting as half a win (%)",47.99,40001676
How has the win rate after a streak changed?,Summary,All ratings,After 5 wins,"After 5 Wins: win rate in the next game in 2013, a draw counting as half a win (%)",62.65,139090
How has the win rate after a streak changed?,Summary,All ratings,After 5 wins,"After 5 Wins: win rate in the next game in 2014, a draw counting as half a win (%)",62.08,435320
How has the win rate after a streak changed?,Summary,All ratings,After 5 wins,"After 5 Wins: win rate in the next game in 2015, a draw counting as half a win (%)",62.22,1004935
How has the win rate after a streak changed?,Summary,All ratings,After 5 wins,"After 5 Wins: win rate in the next game in 2016, a draw counting as half a win (%)",61.76,2599687
How has the win rate after a streak changed?,Summary,All ratings,After 5 wins,"After 5 Wins: win rate in the next game in 2017, a draw counting as half a win (%)",57.33,4465469
How has the win rate after a streak changed?,Summary,All ratings,After 5 wins,"After 5 Wins: win rate in the next game in 2018, a draw counting as half a win (%)",55.03,7835569
How has the win rate after a streak changed?,Summary,All ratings,After 5 wins,"After 5 Wins: win rate in the next game in 2019, a draw counting as half a win (%)",54.11,13119521
How has the win rate after a streak changed?,Summary,All ratings,After 5 wins,"After 5 Wins: win rate in the next game in 2020, a draw counting as half a win (%)",54.03,22543250
How has the win rate after a streak changed?,Summary,All ratings,After 5 wins,"After 5 Wins: win rate in the next game in 2021, a draw counting as half a win (%)",53.37,32250083
How has the win rate after a streak changed?,Summary,All ratings,After 5 wins,"After 5 Wins: win rate in the next game in 2022, a draw counting as half a win (%)",52.99,32142366
How has the win rate after a streak changed?,Summary,All ratings,After 5 wins,"After 5 Wins: win rate in the next game in 2023, a draw counting as half a win (%)",52.93,35028102
How has the win rate after a streak changed?,Summary,All ratings,After 5 wins,"After 5 Wins: win rate in the next game in 2024, a draw counting as half a win (%)",52.54,32552490
How has the win rate after a streak changed?,Summary,All ratings,After 5 wins,"After 5 Wins: win rate in the next game in 2025, a draw counting as half a win (%)",52.52,32516632
How has the win rate after a streak changed?,Summary,All ratings,After 5 wins,"After 5 Wins: win rate in the next game in 2026, a draw counting as half a win (%)",52.57,20973881
How has the win rate after a streak changed?,Summary,All ratings,After 5 losses,"After 5 Losses: win rate in the next game in 2013, a draw counting as half a win (%)",37.93,133705
How has the win rate after a streak changed?,Summary,All ratings,After 5 losses,"After 5 Losses: win rate in the next game in 2014, a draw counting as half a win (%)",38.11,427041
How has the win rate after a streak changed?,Summary,All ratings,After 5 losses,"After 5 Losses: win rate in the next game in 2015, a draw counting as half a win (%)",37.86,997225
How has the win rate after a streak changed?,Summary,All ratings,After 5 losses,"After 5 Losses: win rate in the next game in 2016, a draw counting as half a win (%)",38.27,2592514
How has the win rate after a streak changed?,Summary,All ratings,After 5 losses,"After 5 Losses: win rate in the next game in 2017, a draw counting as half a win (%)",42.36,4431000
How has the win rate after a streak changed?,Summary,All ratings,After 5 losses,"After 5 Losses: win rate in the next game in 2018, a draw counting as half a win (%)",44.58,7748928
How has the win rate after a streak changed?,Summary,All ratings,After 5 losses,"After 5 Losses: win rate in the next game in 2019, a draw counting as half a win (%)",45.54,13003885
How has the win rate after a streak changed?,Summary,All ratings,After 5 losses,"After 5 Losses: win rate in the next game in 2020, a draw counting as half a win (%)",45.78,22285961
How has the win rate after a streak changed?,Summary,All ratings,After 5 losses,"After 5 Losses: win rate in the next game in 2021, a draw counting as half a win (%)",46.52,31865968
How has the win rate after a streak changed?,Summary,All ratings,After 5 losses,"After 5 Losses: win rate in the next game in 2022, a draw counting as half a win (%)",46.9,31871092
How has the win rate after a streak changed?,Summary,All ratings,After 5 losses,"After 5 Losses: win rate in the next game in 2023, a draw counting as half a win (%)",46.99,34658262
How has the win rate after a streak changed?,Summary,All ratings,After 5 losses,"After 5 Losses: win rate in the next game in 2024, a draw counting as half a win (%)",47.41,32314672
How has the win rate after a streak changed?,Summary,All ratings,After 5 losses,"After 5 Losses: win rate in the next game in 2025, a draw counting as half a win (%)",47.45,32270341
How has the win rate after a streak changed?,Summary,All ratings,After 5 losses,"After 5 Losses: win rate in the next game in 2026, a draw counting as half a win (%)",47.4,20788228
How has the win rate after a streak changed?,Summary,All ratings,After 6 wins,"After 6 Wins: win rate in the next game in 2013, a draw counting as half a win (%)",64.72,87105
How has the win rate after a streak changed?,Summary,All ratings,After 6 wins,"After 6 Wins: win rate in the next game in 2014, a draw counting as half a win (%)",64.12,270989
How has the win rate after a streak changed?,Summary,All ratings,After 6 wins,"After 6 Wins: win rate in the next game in 2015, a draw counting as half a win (%)",64.36,627284
How has the win rate after a streak changed?,Summary,All ratings,After 6 wins,"After 6 Wins: win rate in the next game in 2016, a draw counting as half a win (%)",63.82,1611804
How has the win rate after a streak changed?,Summary,All ratings,After 6 wins,"After 6 Wins: win rate in the next game in 2017, a draw counting as half a win (%)",59.17,2567471
How has the win rate after a streak changed?,Summary,All ratings,After 6 wins,"After 6 Wins: win rate in the next game in 2018, a draw counting as half a win (%)",56.46,4319803
How has the win rate after a streak changed?,Summary,All ratings,After 6 wins,"After 6 Wins: win rate in the next game in 2019, a draw counting as half a win (%)",55.35,7112258
How has the win rate after a streak changed?,Summary,All ratings,After 6 wins,"After 6 Wins: win rate in the next game in 2020, a draw counting as half a win (%)",55.23,12201573
How has the win rate after a streak changed?,Summary,All ratings,After 6 wins,"After 6 Wins: win rate in the next game in 2021, a draw counting as half a win (%)",54.34,17239010
How has the win rate after a streak changed?,Summary,All ratings,After 6 wins,"After 6 Wins: win rate in the next game in 2022, a draw counting as half a win (%)",53.85,17058813
How has the win rate after a streak changed?,Summary,All ratings,After 6 wins,"After 6 Wins: win rate in the next game in 2023, a draw counting as half a win (%)",53.71,18567781
How has the win rate after a streak changed?,Summary,All ratings,After 6 wins,"After 6 Wins: win rate in the next game in 2024, a draw counting as half a win (%)",53.26,17122825
How has the win rate after a streak changed?,Summary,All ratings,After 6 wins,"After 6 Wins: win rate in the next game in 2025, a draw counting as half a win (%)",53.22,17098855
How has the win rate after a streak changed?,Summary,All ratings,After 6 wins,"After 6 Wins: win rate in the next game in 2026, a draw counting as half a win (%)",53.25,11038296
How has the win rate after a streak changed?,Summary,All ratings,After 6 losses,"After 6 Losses: win rate in the next game in 2013, a draw counting as half a win (%)",35.53,82388
How has the win rate after a streak changed?,Summary,All ratings,After 6 losses,"After 6 Losses: win rate in the next game in 2014, a draw counting as half a win (%)",36.12,263515
How has the win rate after a streak changed?,Summary,All ratings,After 6 losses,"After 6 Losses: win rate in the next game in 2015, a draw counting as half a win (%)",35.88,619255
How has the win rate after a streak changed?,Summary,All ratings,After 6 losses,"After 6 Losses: win rate in the next game in 2016, a draw counting as half a win (%)",36.2,1601496
How has the win rate after a streak changed?,Summary,All ratings,After 6 losses,"After 6 Losses: win rate in the next game in 2017, a draw counting as half a win (%)",40.5,2553233
How has the win rate after a streak changed?,Summary,All ratings,After 6 losses,"After 6 Losses: win rate in the next game in 2018, a draw counting as half a win (%)",42.9,4289109
How has the win rate after a streak changed?,Summary,All ratings,After 6 losses,"After 6 Losses: win rate in the next game in 2019, a draw counting as half a win (%)",44.03,7076101
How has the win rate after a streak changed?,Summary,All ratings,After 6 losses,"After 6 Losses: win rate in the next game in 2020, a draw counting as half a win (%)",44.42,12061404
How has the win rate after a streak changed?,Summary,All ratings,After 6 losses,"After 6 Losses: win rate in the next game in 2021, a draw counting as half a win (%)",45.42,17016515
How has the win rate after a streak changed?,Summary,All ratings,After 6 losses,"After 6 Losses: win rate in the next game in 2022, a draw counting as half a win (%)",45.95,16903236
How has the win rate after a streak changed?,Summary,All ratings,After 6 losses,"After 6 Losses: win rate in the next game in 2023, a draw counting as half a win (%)",46.06,18349892
How has the win rate after a streak changed?,Summary,All ratings,After 6 losses,"After 6 Losses: win rate in the next game in 2024, a draw counting as half a win (%)",46.66,16976974
How has the win rate after a streak changed?,Summary,All ratings,After 6 losses,"After 6 Losses: win rate in the next game in 2025, a draw counting as half a win (%)",46.71,16940647
How has the win rate after a streak changed?,Summary,All ratings,After 6 losses,"After 6 Losses: win rate in the next game in 2026, a draw counting as half a win (%)",46.63,10926245
How has the win rate after a streak changed?,Summary,All ratings,After 7 wins,"After 7 Wins: win rate in the next game in 2013, a draw counting as half a win (%)",66.7,56400
How has the win rate after a streak changed?,Summary,All ratings,After 7 wins,"After 7 Wins: win rate in the next game in 2014, a draw counting as half a win (%)",66.38,174321
How has the win rate after a streak changed?,Summary,All ratings,After 7 wins,"After 7 Wins: win rate in the next game in 2015, a draw counting as half a win (%)",66.41,405302
How has the win rate after a streak changed?,Summary,All ratings,After 7 wins,"After 7 Wins: win rate in the next game in 2016, a draw counting as half a win (%)",65.86,1033606
How has the win rate after a streak changed?,Summary,All ratings,After 7 wins,"After 7 Wins: win rate in the next game in 2017, a draw counting as half a win (%)",61.28,1524517
How has the win rate after a streak changed?,Summary,All ratings,After 7 wins,"After 7 Wins: win rate in the next game in 2018, a draw counting as half a win (%)",58.27,2444735
How has the win rate after a streak changed?,Summary,All ratings,After 7 wins,"After 7 Wins: win rate in the next game in 2019, a draw counting as half a win (%)",56.84,3945539
How has the win rate after a streak changed?,Summary,All ratings,After 7 wins,"After 7 Wins: win rate in the next game in 2020, a draw counting as half a win (%)",56.68,6754096
How has the win rate after a streak changed?,Summary,All ratings,After 7 wins,"After 7 Wins: win rate in the next game in 2021, a draw counting as half a win (%)",55.5,9386497
How has the win rate after a streak changed?,Summary,All ratings,After 7 wins,"After 7 Wins: win rate in the next game in 2022, a draw counting as half a win (%)",54.93,9204652
How has the win rate after a streak changed?,Summary,All ratings,After 7 wins,"After 7 Wins: win rate in the next game in 2023, a draw counting as half a win (%)",54.71,9989096
How has the win rate after a streak changed?,Summary,All ratings,After 7 wins,"After 7 Wins: win rate in the next game in 2024, a draw counting as half a win (%)",54.12,9133488
How has the win rate after a streak changed?,Summary,All ratings,After 7 wins,"After 7 Wins: win rate in the next game in 2025, a draw counting as half a win (%)",54.08,9114271
How has the win rate after a streak changed?,Summary,All ratings,After 7 wins,"After 7 Wins: win rate in the next game in 2026, a draw counting as half a win (%)",54.12,5886681
How has the win rate after a streak changed?,Summary,All ratings,After 7 losses,"After 7 Losses: win rate in the next game in 2013, a draw counting as half a win (%)",33.64,52740
How has the win rate after a streak changed?,Summary,All ratings,After 7 losses,"After 7 Losses: win rate in the next game in 2014, a draw counting as half a win (%)",34.18,167861
How has the win rate after a streak changed?,Summary,All ratings,After 7 losses,"After 7 Losses: win rate in the next game in 2015, a draw counting as half a win (%)",33.83,396726
How has the win rate after a streak changed?,Summary,All ratings,After 7 losses,"After 7 Losses: win rate in the next game in 2016, a draw counting as half a win (%)",34.25,1022564
How has the win rate after a streak changed?,Summary,All ratings,After 7 losses,"After 7 Losses: win rate in the next game in 2017, a draw counting as half a win (%)",38.45,1518916
How has the win rate after a streak changed?,Summary,All ratings,After 7 losses,"After 7 Losses: win rate in the next game in 2018, a draw counting as half a win (%)",40.9,2445450
How has the win rate after a streak changed?,Summary,All ratings,After 7 losses,"After 7 Losses: win rate in the next game in 2019, a draw counting as half a win (%)",42.29,3957330
How has the win rate after a streak changed?,Summary,All ratings,After 7 losses,"After 7 Losses: win rate in the next game in 2020, a draw counting as half a win (%)",42.78,6690850
How has the win rate after a streak changed?,Summary,All ratings,After 7 losses,"After 7 Losses: win rate in the next game in 2021, a draw counting as half a win (%)",44.04,9271820
How has the win rate after a streak changed?,Summary,All ratings,After 7 losses,"After 7 Losses: win rate in the next game in 2022, a draw counting as half a win (%)",44.73,9123878
How has the win rate after a streak changed?,Summary,All ratings,After 7 losses,"After 7 Losses: win rate in the next game in 2023, a draw counting as half a win (%)",44.92,9884874
How has the win rate after a streak changed?,Summary,All ratings,After 7 losses,"After 7 Losses: win rate in the next game in 2024, a draw counting as half a win (%)",45.72,9044582
How has the win rate after a streak changed?,Summary,All ratings,After 7 losses,"After 7 Losses: win rate in the next game in 2025, a draw counting as half a win (%)",45.8,9018185
How has the win rate after a streak changed?,Summary,All ratings,After 7 losses,"After 7 Losses: win rate in the next game in 2026, a draw counting as half a win (%)",45.64,5826856
How has the win rate after a streak changed?,Summary,All ratings,After 8 wins,"After 8 Wins: win rate in the next game in 2013, a draw counting as half a win (%)",68.79,37624
How has the win rate after a streak changed?,Summary,All ratings,After 8 wins,"After 8 Wins: win rate in the next game in 2014, a draw counting as half a win (%)",67.89,116192
How has the win rate after a streak changed?,Summary,All ratings,After 8 wins,"After 8 Wins: win rate in the next game in 2015, a draw counting as half a win (%)",68.13,270221
How has the win rate after a streak changed?,Summary,All ratings,After 8 wins,"After 8 Wins: win rate in the next game in 2016, a draw counting as half a win (%)",67.82,684585
How has the win rate after a streak changed?,Summary,All ratings,After 8 wins,"After 8 Wins: win rate in the next game in 2017, a draw counting as half a win (%)",63.49,937990
How has the win rate after a streak changed?,Summary,All ratings,After 8 wins,"After 8 Wins: win rate in the next game in 2018, a draw counting as half a win (%)",60.32,1428634
How has the win rate after a streak changed?,Summary,All ratings,After 8 wins,"After 8 Wins: win rate in the next game in 2019, a draw counting as half a win (%)",58.75,2248857
How has the win rate after a streak changed?,Summary,All ratings,After 8 wins,"After 8 Wins: win rate in the next game in 2020, a draw counting as half a win (%)",58.42,3838416
How has the win rate after a streak changed?,Summary,All ratings,After 8 wins,"After 8 Wins: win rate in the next game in 2021, a draw counting as half a win (%)",57.03,5222128
How has the win rate after a streak changed?,Summary,All ratings,After 8 wins,"After 8 Wins: win rate in the next game in 2022, a draw counting as half a win (%)",56.26,5067455
How has the win rate after a streak changed?,Summary,All ratings,After 8 wins,"After 8 Wins: win rate in the next game in 2023, a draw counting as half a win (%)",56,5476170
How has the win rate after a streak changed?,Summary,All ratings,After 8 wins,"After 8 Wins: win rate in the next game in 2024, a draw counting as half a win (%)",55.23,4952046
How has the win rate after a streak changed?,Summary,All ratings,After 8 wins,"After 8 Wins: win rate in the next game in 2025, a draw counting as half a win (%)",55.25,4937503
How has the win rate after a streak changed?,Summary,All ratings,After 8 wins,"After 8 Wins: win rate in the next game in 2026, a draw counting as half a win (%)",55.27,3191503
How has the win rate after a streak changed?,Summary,All ratings,After 8 losses,"After 8 Losses: win rate in the next game in 2013, a draw counting as half a win (%)",31.91,34696
How has the win rate after a streak changed?,Summary,All ratings,After 8 losses,"After 8 Losses: win rate in the next game in 2014, a draw counting as half a win (%)",32.29,110184
How has the win rate after a streak changed?,Summary,All ratings,After 8 losses,"After 8 Losses: win rate in the next game in 2015, a draw counting as half a win (%)",32.08,262165
How has the win rate after a streak changed?,Summary,All ratings,After 8 losses,"After 8 Losses: win rate in the next game in 2016, a draw counting as half a win (%)",32.38,673093
How has the win rate after a streak changed?,Summary,All ratings,After 8 losses,"After 8 Losses: win rate in the next game in 2017, a draw counting as half a win (%)",36.29,934825
How has the win rate after a streak changed?,Summary,All ratings,After 8 losses,"After 8 Losses: win rate in the next game in 2018, a draw counting as half a win (%)",38.6,1443668
How has the win rate after a streak changed?,Summary,All ratings,After 8 losses,"After 8 Losses: win rate in the next game in 2019, a draw counting as half a win (%)",40.16,2281942
How has the win rate after a streak changed?,Summary,All ratings,After 8 losses,"After 8 Losses: win rate in the next game in 2020, a draw counting as half a win (%)",40.77,3820730
How has the win rate after a streak changed?,Summary,All ratings,After 8 losses,"After 8 Losses: win rate in the next game in 2021, a draw counting as half a win (%)",42.26,5178437
How has the win rate after a streak changed?,Summary,All ratings,After 8 losses,"After 8 Losses: win rate in the next game in 2022, a draw counting as half a win (%)",43.21,5034032
How has the win rate after a streak changed?,Summary,All ratings,After 8 losses,"After 8 Losses: win rate in the next game in 2023, a draw counting as half a win (%)",43.46,5436097
How has the win rate after a streak changed?,Summary,All ratings,After 8 losses,"After 8 Losses: win rate in the next game in 2024, a draw counting as half a win (%)",44.46,4903615
How has the win rate after a streak changed?,Summary,All ratings,After 8 losses,"After 8 Losses: win rate in the next game in 2025, a draw counting as half a win (%)",44.51,4881563
How has the win rate after a streak changed?,Summary,All ratings,After 8 losses,"After 8 Losses: win rate in the next game in 2026, a draw counting as half a win (%)",44.34,3164791
How has the win rate after a streak changed?,Summary,All ratings,After 9 wins,"After 9 Wins: win rate in the next game in 2013, a draw counting as half a win (%)",70.38,25854
How has the win rate after a streak changed?,Summary,All ratings,After 9 wins,"After 9 Wins: win rate in the next game in 2014, a draw counting as half a win (%)",70.05,79202
How has the win rate after a streak changed?,Summary,All ratings,After 9 wins,"After 9 Wins: win rate in the next game in 2015, a draw counting as half a win (%)",70.33,184876
How has the win rate after a streak changed?,Summary,All ratings,After 9 wins,"After 9 Wins: win rate in the next game in 2016, a draw counting as half a win (%)",69.74,466957
How has the win rate after a streak changed?,Summary,All ratings,After 9 wins,"After 9 Wins: win rate in the next game in 2017, a draw counting as half a win (%)",65.93,598310
How has the win rate after a streak changed?,Summary,All ratings,After 9 wins,"After 9 Wins: win rate in the next game in 2018, a draw counting as half a win (%)",62.95,864833
How has the win rate after a streak changed?,Summary,All ratings,After 9 wins,"After 9 Wins: win rate in the next game in 2019, a draw counting as half a win (%)",61.08,1325463
How has the win rate after a streak changed?,Summary,All ratings,After 9 wins,"After 9 Wins: win rate in the next game in 2020, a draw counting as half a win (%)",60.61,2249288
How has the win rate after a streak changed?,Summary,All ratings,After 9 wins,"After 9 Wins: win rate in the next game in 2021, a draw counting as half a win (%)",58.86,2987140
How has the win rate after a streak changed?,Summary,All ratings,After 9 wins,"After 9 Wins: win rate in the next game in 2022, a draw counting as half a win (%)",58,2858754
How has the win rate after a streak changed?,Summary,All ratings,After 9 wins,"After 9 Wins: win rate in the next game in 2023, a draw counting as half a win (%)",57.58,3074566
How has the win rate after a streak changed?,Summary,All ratings,After 9 wins,"After 9 Wins: win rate in the next game in 2024, a draw counting as half a win (%)",56.68,2740889
How has the win rate after a streak changed?,Summary,All ratings,After 9 wins,"After 9 Wins: win rate in the next game in 2025, a draw counting as half a win (%)",56.73,2733872
How has the win rate after a streak changed?,Summary,All ratings,After 9 wins,"After 9 Wins: win rate in the next game in 2026, a draw counting as half a win (%)",56.65,1768172
How has the win rate after a streak changed?,Summary,All ratings,After 9 losses,"After 9 Losses: win rate in the next game in 2013, a draw counting as half a win (%)",29.97,23351
How has the win rate after a streak changed?,Summary,All ratings,After 9 losses,"After 9 Losses: win rate in the next game in 2014, a draw counting as half a win (%)",30.48,74305
How has the win rate after a streak changed?,Summary,All ratings,After 9 losses,"After 9 Losses: win rate in the next game in 2015, a draw counting as half a win (%)",30.32,177715
How has the win rate after a streak changed?,Summary,All ratings,After 9 losses,"After 9 Losses: win rate in the next game in 2016, a draw counting as half a win (%)",30.46,455244
How has the win rate after a streak changed?,Summary,All ratings,After 9 losses,"After 9 Losses: win rate in the next game in 2017, a draw counting as half a win (%)",33.88,595682
How has the win rate after a streak changed?,Summary,All ratings,After 9 losses,"After 9 Losses: win rate in the next game in 2018, a draw counting as half a win (%)",36,885178
How has the win rate after a streak changed?,Summary,All ratings,After 9 losses,"After 9 Losses: win rate in the next game in 2019, a draw counting as half a win (%)",37.64,1364081
How has the win rate after a streak changed?,Summary,All ratings,After 9 losses,"After 9 Losses: win rate in the next game in 2020, a draw counting as half a win (%)",38.34,2256773
How has the win rate after a streak changed?,Summary,All ratings,After 9 losses,"After 9 Losses: win rate in the next game in 2021, a draw counting as half a win (%)",40.09,2981486
How has the win rate after a streak changed?,Summary,All ratings,After 9 losses,"After 9 Losses: win rate in the next game in 2022, a draw counting as half a win (%)",41.3,2852702
How has the win rate after a streak changed?,Summary,All ratings,After 9 losses,"After 9 Losses: win rate in the next game in 2023, a draw counting as half a win (%)",41.62,3067127
How has the win rate after a streak changed?,Summary,All ratings,After 9 losses,"After 9 Losses: win rate in the next game in 2024, a draw counting as half a win (%)",42.89,2718612
How has the win rate after a streak changed?,Summary,All ratings,After 9 losses,"After 9 Losses: win rate in the next game in 2025, a draw counting as half a win (%)",42.93,2704196
How has the win rate after a streak changed?,Summary,All ratings,After 9 losses,"After 9 Losses: win rate in the next game in 2026, a draw counting as half a win (%)",42.75,1759155
How has the win rate after a streak changed?,Summary,All ratings,After 10 or more wins,"After 10+ Wins: win rate in the next game in 2013, a draw counting as half a win (%)",77.4,80143
How has the win rate after a streak changed?,Summary,All ratings,After 10 or more wins,"After 10+ Wins: win rate in the next game in 2014, a draw counting as half a win (%)",77.89,254246
How has the win rate after a streak changed?,Summary,All ratings,After 10 or more wins,"After 10+ Wins: win rate in the next game in 2015, a draw counting as half a win (%)",77.54,589381
How has the win rate after a streak changed?,Summary,All ratings,After 10 or more wins,"After 10+ Wins: win rate in the next game in 2016, a draw counting as half a win (%)",77.84,1507790
How has the win rate after a streak changed?,Summary,All ratings,After 10 or more wins,"After 10+ Wins: win rate in the next game in 2017, a draw counting as half a win (%)",76.23,1694511
How has the win rate after a streak changed?,Summary,All ratings,After 10 or more wins,"After 10+ Wins: win rate in the next game in 2018, a draw counting as half a win (%)",74.2,2147781
How has the win rate after a streak changed?,Summary,All ratings,After 10 or more wins,"After 10+ Wins: win rate in the next game in 2019, a draw counting as half a win (%)",72.17,2958631
How has the win rate after a streak changed?,Summary,All ratings,After 10 or more wins,"After 10+ Wins: win rate in the next game in 2020, a draw counting as half a win (%)",71.51,4860396
How has the win rate after a streak changed?,Summary,All ratings,After 10 or more wins,"After 10+ Wins: win rate in the next game in 2021, a draw counting as half a win (%)",68.22,5608353
How has the win rate after a streak changed?,Summary,All ratings,After 10 or more wins,"After 10+ Wins: win rate in the next game in 2022, a draw counting as half a win (%)",67.11,5105111
How has the win rate after a streak changed?,Summary,All ratings,After 10 or more wins,"After 10+ Wins: win rate in the next game in 2023, a draw counting as half a win (%)",66.61,5364110
How has the win rate after a streak changed?,Summary,All ratings,After 10 or more wins,"After 10+ Wins: win rate in the next game in 2024, a draw counting as half a win (%)",65.46,4551472
How has the win rate after a streak changed?,Summary,All ratings,After 10 or more wins,"After 10+ Wins: win rate in the next game in 2025, a draw counting as half a win (%)",65.69,4565124
How has the win rate after a streak changed?,Summary,All ratings,After 10 or more wins,"After 10+ Wins: win rate in the next game in 2026, a draw counting as half a win (%)",65.81,2959434
How has the win rate after a streak changed?,Summary,All ratings,After 10 or more losses,"After 10+ Losses: win rate in the next game in 2013, a draw counting as half a win (%)",22.88,66785
How has the win rate after a streak changed?,Summary,All ratings,After 10 or more losses,"After 10+ Losses: win rate in the next game in 2014, a draw counting as half a win (%)",23.33,214837
How has the win rate after a streak changed?,Summary,All ratings,After 10 or more losses,"After 10+ Losses: win rate in the next game in 2015, a draw counting as half a win (%)",23.88,509551
How has the win rate after a streak changed?,Summary,All ratings,After 10 or more losses,"After 10+ Losses: win rate in the next game in 2016, a draw counting as half a win (%)",24.23,1299321
How has the win rate after a streak changed?,Summary,All ratings,After 10 or more losses,"After 10+ Losses: win rate in the next game in 2017, a draw counting as half a win (%)",26.16,1495440
How has the win rate after a streak changed?,Summary,All ratings,After 10 or more losses,"After 10+ Losses: win rate in the next game in 2018, a draw counting as half a win (%)",26.74,2095715
How has the win rate after a streak changed?,Summary,All ratings,After 10 or more losses,"After 10+ Losses: win rate in the next game in 2019, a draw counting as half a win (%)",28.14,3000843
How has the win rate after a streak changed?,Summary,All ratings,After 10 or more losses,"After 10+ Losses: win rate in the next game in 2020, a draw counting as half a win (%)",27.77,4905577
How has the win rate after a streak changed?,Summary,All ratings,After 10 or more losses,"After 10+ Losses: win rate in the next game in 2021, a draw counting as half a win (%)",29.79,5863072
How has the win rate after a streak changed?,Summary,All ratings,After 10 or more losses,"After 10+ Losses: win rate in the next game in 2022, a draw counting as half a win (%)",31.98,5149863
How has the win rate after a streak changed?,Summary,All ratings,After 10 or more losses,"After 10+ Losses: win rate in the next game in 2023, a draw counting as half a win (%)",32.62,5400643
How has the win rate after a streak changed?,Summary,All ratings,After 10 or more losses,"After 10+ Losses: win rate in the next game in 2024, a draw counting as half a win (%)",34.34,4455461
How has the win rate after a streak changed?,Summary,All ratings,After 10 or more losses,"After 10+ Losses: win rate in the next game in 2025, a draw counting as half a win (%)",34.25,4443481
How has the win rate after a streak changed?,Summary,All ratings,After 10 or more losses,"After 10+ Losses: win rate in the next game in 2026, a draw counting as half a win (%)",34.11,2907772
